Vertex,Name,Followed,Time Zone,Joined Twitter Date (UTC),Language,Verified
raskolhnikov2,Raskolhnikov Followback,3713,Pacific Time (US & Canada),11/24/2017 21:42,pt,FALSE
moonlite_ico,MoonLite_ICO,91,,11/15/2017 7:29,en,FALSE
somoza927,somoza927,823,,11/3/2013 17:37,de,FALSE
yzord,? Yzord ?,1,Amsterdam,8/7/2009 13:47,en,FALSE
crypto_mark_,CryptoM,210,Pacific Time (US & Canada),12/11/2017 7:54,nl,FALSE
muhamaddikri_1,Muhamad Dikri,3306,Hanoi,4/26/2012 10:12,id,FALSE
nhatan247,MMO247,1518,Pacific Time (US & Canada),5/15/2017 16:24,en,FALSE
shishirkhan05,SHISHIR KHAN,4786,,9/4/2014 13:19,en,FALSE
altcoinhunter01,altcoinhunter,2571,,10/16/2017 10:36,en,FALSE
hermansusilo692,isusherman,1566,,9/3/2017 9:30,en,FALSE
juliarossi409,julia rossi,669,,6/30/2017 13:21,id,FALSE
mindsoul_body,Mindsoulnbody,2609,Pacific Time (US & Canada),9/1/2016 5:35,en,FALSE
bitcoin_army,John #savedroidICO,5667,Beijing,7/26/2012 11:01,en,FALSE
reihanhanreh,reihan,862,,6/20/2017 6:46,id,FALSE
bitcoininsides,Bitcoininsides.com,2399,Pacific Time (US & Canada),11/27/2017 13:19,en,FALSE
rismaristi303,risma risti,845,Pacific Time (US & Canada),6/20/2017 7:49,id,FALSE
bondex69,B?????69,9845,Jakarta,5/22/2012 11:55,en,FALSE
kennike1986,docinek,8234,Pacific Time (US & Canada),10/4/2013 6:46,en,FALSE
dswijaya,Daniel S Wijaya,4266,Jakarta,5/6/2010 2:33,en,FALSE
fountainmoney,FountainMoney,311,Pacific Time (US & Canada),4/24/2017 15:46,en-gb,FALSE
nishilparekh1,Nishil Parekh,507,,11/3/2016 10:50,en-gb,FALSE
akmal0395,Akmal,1641,Pacific Time (US & Canada),12/6/2016 11:11,id,FALSE
micahjwilson,Micah Wilson,716,Central Time (US & Canada),11/29/2008 21:56,en,FALSE
bpolitics,Bloomberg Politics,874,London,4/26/2012 20:50,en,TRUE
popescuco,Dan Popescu,189,Central Time (US & Canada),9/7/2011 23:16,en,FALSE
jmm77585,susan k.,260,,6/20/2014 12:18,en,FALSE
baltasarino,SlavaSan,3966,Athens,9/20/2012 21:48,ru,FALSE
larks500,Bounty Lord #savedroidico,6988,,8/13/2014 22:55,ru,FALSE
bitcoincashd,BitcoinCashIsBitcoin,25,,11/10/2017 10:28,en,FALSE
tnb7942,???,280,,10/26/2012 7:28,ko,FALSE
elixiumcrypto,EvilCuppyCakes Crypto,35950,London,5/24/2014 12:36,en,FALSE
litecoinuks,LitecoinUKs,751,,9/12/2017 22:16,en,FALSE
doobey123,Ben Dubois,165,New Caledonia,4/12/2012 10:06,en,FALSE
au_neil,Charles Wellesley,266,,5/22/2013 4:27,en,FALSE
rakete1967,thorsten1985,3202,,10/25/2016 13:23,de,FALSE
wordfinga,Linda,2718,London,5/28/2014 22:31,en,FALSE
akmittalg,Anant Kumar,3671,Pacific Time (US & Canada),10/30/2017 22:08,en,FALSE
1dmitriysar,???????,1564,,11/27/2016 11:50,ru,FALSE
bentadem4luv,Follow Help VIP,5077,,1/20/2009 7:55,en,FALSE
akashtiwari9131,Akash Tiwari,24,,12/1/2017 13:07,en,FALSE
coinbaseukss,Coinbase UK Refferal,162,Pacific Time (US & Canada),12/12/2017 15:31,en,FALSE
elixiumcapital,EvilCuppyCakes Capital,14943,Pacific Time (US & Canada),1/15/2017 21:29,en,FALSE
umar11pk,Umar Farooq,2968,Pacific Time (US & Canada),8/12/2017 13:50,en,FALSE
wallstforsale,WallSt.ForSale,1689,Pacific Time (US & Canada),7/30/2017 19:28,en,FALSE
dash_vibes,DashVibes,0,Pacific Time (US & Canada),1/25/2016 12:24,en,FALSE
bethmcfall2,Kathleen Gate,152,,11/11/2013 1:33,en,FALSE
liany1710,Liany,8052,Jakarta,2/2/2013 1:02,en,FALSE
pablobourget,Pablo Bourget,72,,9/30/2011 5:32,pt,FALSE
blockchainbiz,BlockChainBusiness,6788,,10/22/2016 10:39,en,FALSE
leetaeyooog,"taeyong, JFB?",5042,Pacific Time (US & Canada),6/5/2015 15:18,en,FALSE
1foxytrading,1Foxy.com Trading,1242,,8/15/2017 10:36,en,FALSE
crypto_chicas,The Crypto Chicas,209,,12/31/2017 17:49,en,FALSE
robinhoodapp,Robinhood,3,Arizona,3/13/2013 17:42,en,TRUE
fa0ti2h,?? ?? FaTiH ????,6713,Istanbul,6/13/2011 19:52,tr,FALSE
clkege,cryptoftw,1980,Hawaii,11/19/2011 16:00,en,FALSE
pokerdeal,Imteaz,4274,Eastern Time (US & Canada),3/27/2008 3:14,en,FALSE
insidestat,Brian Mulder,11553,Amsterdam,9/13/2014 15:30,en,FALSE
ub_fishsticks,FishSticks [EOT],83,,11/28/2017 17:16,en,FALSE
eotcoin,EOT,444,,8/13/2017 7:53,en,FALSE
coinlook,CoinLook,13319,Mountain Time (US & Canada),12/2/2014 0:17,en,FALSE
abrosses,Abraham,187,Hawaii,8/14/2011 4:39,es,FALSE
sdeboey,Stefan De Boey,1252,Greenland,3/27/2010 21:18,en,FALSE
tipprbot,tippr,6,,9/5/2017 4:30,en,FALSE
satoshidice,SatoshiDICE,701,UTC,4/24/2012 18:21,en,FALSE
tekcomms,tekcomms,106,London,2/13/2010 12:04,en,FALSE
dasource_,dasource Bitcoin,278,London,3/29/2014 12:43,en,FALSE
crypto_god69,CryptoGod69,35,,1/9/2018 15:48,en,FALSE
bitcoin,Bitcoin,115,Arizona,8/18/2011 5:06,en,FALSE
harbrimah,Rimah Harb,4995,,10/16/2012 8:34,en,FALSE
jblefevre60,Jean-Baptiste Lefevre,3315,Paris,12/4/2015 18:13,fr,FALSE
ntn24,NTN24,203,Central Time (US & Canada),4/17/2010 2:08,es,TRUE
belkismmr,Belkis Muñoz,167,,2/20/2014 3:40,es,FALSE
namako55,?????? ?? @???,544,Hawaii,3/31/2011 4:31,ja,FALSE
sportsbookbtc,Bitcoin Sportsbook,29241,Eastern Time (US & Canada),9/27/2013 22:57,en,FALSE
wavesplatform,wavesplatform,1,Pacific Time (US & Canada),3/9/2016 10:38,en,FALSE
prashantbhoj97,prashantbhoj,3961,Pacific Time (US & Canada),4/2/2015 3:06,en,FALSE
playingunclean,playingdirty,64,,12/12/2015 10:34,da,FALSE
reach2ratan,Ratan Jyoti,55,,3/8/2011 13:13,en,FALSE
orchestrateme,OrchestrateMe,61,,11/15/2016 19:34,en,FALSE
benebit_io,Benebit,23,Pacific Time (US & Canada),2/19/2017 7:09,en-gb,FALSE
mcakaneo,???????,5002,Kyiv,11/3/2013 17:22,ru,FALSE
brasilbitcoin,Brasil Bitcoin,206,Brasilia,5/12/2013 18:27,en,FALSE
larrychaffinceo,Larry (Lars) Chaffin,240,,9/12/2014 0:10,en,FALSE
mcaruso_cabrera,M. Caruso-Cabrera,1275,Eastern Time (US & Canada),1/8/2010 21:01,en,TRUE
bcwilson123,Bradley clark,332,,8/3/2014 2:07,en,FALSE
tommyebaker2143,Tommye Baker,42,,1/14/2018 11:55,en,FALSE
randyhilarski,Randy Hilarski,21360,Bogota,7/19/2011 16:05,en,FALSE
vergequickfacts,Verge Quick Facts,0,,10/5/2017 19:56,en,FALSE
2101dn,D Nguyen,70,,9/1/2017 22:04,en,FALSE
zenothehunter,ZenoTheHunter,4992,,1/28/2016 2:08,en,FALSE
comendadormbf,Marcio B Fasano ?,2613,,7/25/2014 23:18,en-gb,FALSE
ejiokris,ugwu christopher e,60,,2/11/2015 15:07,en,FALSE
selfkey,SelfKey,112,Pacific Time (US & Canada),8/9/2017 12:06,en,FALSE
sezukabu,????? / ????,124,,10/20/2017 17:05,ja,FALSE
rimipyon,?????,4987,Hawaii,3/23/2012 13:15,ja,FALSE
stellar_xlm,IBM & Stellar.org Global Cryptocurrency,2960,Eastern Time (US & Canada),2/20/2011 4:18,en,FALSE
findacent,FinancialDataCenter,789,,11/5/2017 2:21,id,FALSE
shqip24eu,Hajt Pak,123,,9/19/2015 9:48,it,FALSE
lou992_allen,Louie allen,12,,1/14/2018 11:57,en-gb,FALSE
justinsuntron,Justin Sun,155,Pacific Time (US & Canada),8/30/2017 10:22,en,FALSE
cryptotalk3,Cryptotalk Asia,109,,11/23/2017 14:51,en,FALSE
chrisplmarshall,Christopher Marshall,70,,4/26/2012 13:57,en,FALSE
aantonop,Andreas M. Antonopoulos,2106,,5/30/2013 6:33,en,TRUE
bitcoincashbch,It's Bitcoin Cash BCH,190,London,7/5/2011 13:42,en,FALSE
refinedcurrency,Refined Currency,26,,1/10/2015 15:27,en,FALSE
tracylandu,Tracy W,383,,5/24/2017 16:50,en-gb,FALSE
mayahuasca020,Mother Ayahuasca020,103,,11/27/2017 10:17,nl,FALSE
cryptos_k,Cryptos,42,,12/26/2017 12:11,nl,FALSE
tdiamantidis,Tassos Diamantidis,69,Athens,5/17/2011 2:58,en,FALSE
pauliusuza,Paulius Uza,336,Vilnius,8/24/2007 22:26,en,FALSE
coinexchangertr,Hakan,101,,12/14/2017 21:01,tr,FALSE
badrcrypto,Crypto Wizard????,26,,7/13/2016 15:46,ar,FALSE
bitcoinpeso,BitcoinPeso,168,Pacific Time (US & Canada),12/6/2017 15:32,en,FALSE
jimzd22,JimzD,4591,,7/5/2017 11:37,en,FALSE
aajkaalnews,Aajkaal,44,Kolkata,9/14/2016 6:33,en,FALSE
kytw911,TW,871,Eastern Time (US & Canada),3/21/2009 14:04,en,FALSE
forbes,Forbes,5684,Eastern Time (US & Canada),11/21/2009 2:09,en,TRUE
georgekeleher,Thomas Walker,928,Pacific Time (US & Canada),8/13/2014 21:42,ru,FALSE
tokenmarket,tokenmarket,368,Pacific Time (US & Canada),5/15/2013 12:48,en,FALSE
coinfirm_io,Coinfirm,23,Pacific Time (US & Canada),11/19/2015 19:12,en,FALSE
amlt_token,AMLT by Coinfirm,10,,8/8/2017 11:03,en,FALSE
victorf49205135,VictorFerguson,259,Hawaii,12/9/2017 7:13,en,FALSE
rendygo90,M?? R???? Š,311,,3/17/2012 23:19,en,FALSE
evelynosmos,Evelyn Osmos,34281,Bogota,12/18/2015 2:36,es,FALSE
fernandobello71,€,986,,10/4/2011 22:40,es,FALSE
incochain,INCOCHAIN,862,,3/10/2017 17:15,en,FALSE
cointelegraph,Cointelegraph — Bitcoin and Cryptocurrency News,286,International Date Line West,11/21/2013 12:57,en,FALSE
must_di2n,Didien,2619,,3/16/2015 9:21,en,FALSE
arconaico,Arcona AR Ecosystem,125,,10/21/2017 19:11,ru,FALSE
aioeatb5di6vxxk,???? ????,38,,1/13/2018 20:36,en,FALSE
triforcetokens,TriForce Tokens,639,,5/30/2017 17:47,en-gb,FALSE
sandraeth2017,Sandra Manolache,883,Pacific Time (US & Canada),7/3/2012 13:22,en,FALSE
kasotsukatoushi,??????????,17,,8/8/2017 13:51,ja,FALSE
bitcoinbyte,Michael Parsons,10384,London,2/2/2010 17:38,en,FALSE
cryptovelss,CryptoVelss,86,,9/7/2017 9:54,en,FALSE
s0fritocoins,s0frito,5121,Pacific Time (US & Canada),5/27/2016 19:00,en,FALSE
hoieu,jrishna,446,Brasilia,5/27/2013 5:52,pt,FALSE
marcelorcamposs,Marcelo,194,Brasilia,10/2/2011 0:13,pt,FALSE
mark_reel08,Mark Genesis Gañac,1961,,11/4/2017 23:05,en,FALSE
ethereumera,Ethereum Era,0,,1/1/2018 19:20,en,FALSE
matchmason,Mark Anthony,677,Beijing,5/16/2009 6:40,en,FALSE
mmm_bitcoin_mmm,????@??????,79,,12/19/2017 16:11,ja,FALSE
btcartgallery,Bitcoin Art Gallery,330,Mountain Time (US & Canada),11/2/2007 10:01,en,FALSE
bitcoinmemefb,Bitcoin Meme,42,,11/1/2013 3:17,en,FALSE
davordavorvk,Davor Davor,22,,12/24/2017 10:29,en,FALSE
duke_kai,Keroll Bahry,2555,Kuala Lumpur,9/29/2009 2:26,en,FALSE
kevin78051330,Kevin,119,,7/31/2017 5:10,id,FALSE
ivobzlu,Joe Howard,953,Pacific Time (US & Canada),8/12/2014 22:05,ru,FALSE
kryptondollar,TheRealKryptonDollar,163,,1/8/2018 10:53,it,FALSE
anna_riita_,Ana Rita ??,441,,1/12/2016 14:25,en,FALSE
datariuscrypto,Datarius,269,Pacific Time (US & Canada),10/26/2017 10:23,ru,FALSE
ruslani102,Ruslan Ruslanov,3821,,10/24/2017 8:47,ru,FALSE
cyberdomain,CyberWarrior,9442,Brasilia,10/23/2010 18:38,en,FALSE
modeversand,Modeshop,8528,,5/18/2011 8:03,de,FALSE
notonfoodstamps,Sum Dum Goy,365,Central Time (US & Canada),9/30/2013 19:56,en,FALSE
pksbpdl,Because We Live Here,196,Central Time (US & Canada),5/27/2009 1:53,en,FALSE
fooohi,F. F. Rizzo ????????????,288,,4/16/2012 20:31,en,FALSE
knsmr,Ken Nishimura / ???,1484,Tokyo,4/9/2007 4:21,en,FALSE
quantumbtc,Kazuhiko Fujiyama,100,Tokyo,12/23/2009 13:21,ja,FALSE
big_depaul,Double D,557,Quito,6/24/2011 4:18,en,FALSE
mgieselmann,Michael Gieselmann,46,,8/12/2011 6:04,de,FALSE
bytecoin_en,Bytecoin Foundation,45,Pacific Time (US & Canada),8/1/2015 16:43,en,FALSE
mijagi1978,Michael Jajagin,281,Belgrade,5/5/2012 18:30,de,FALSE
grandesmediosuy,GM Uruguay??,8616,Bogota,11/6/2011 10:11,es,FALSE
debesinformarte,Debes Informarte??,30018,Bogota,11/24/2015 21:41,es,FALSE
contenidosco,Contenidos COL??,8881,Bogota,12/20/2011 8:23,es,FALSE
shin18yama1,???????,582,,12/30/2015 15:17,ja,FALSE
travelflexcoin,Travelflexcoin,28,,10/3/2017 4:46,en,FALSE
muhammedbarki,daily crypto news #savedroidico,3313,,11/7/2013 10:11,en,FALSE
keyrptoofficial,Keyrpto,0,,12/7/2017 10:47,en,FALSE
tvoiluk,Ravik Zainullov,674,Pacific Time (US & Canada),12/21/2014 21:49,ru,FALSE
cryptoinvest18,Crypto Investments Guide,2821,Pacific Time (US & Canada),11/22/2017 17:02,en-gb,FALSE
hill276,Rafaela Hill,101,,1/14/2018 11:51,en,FALSE
malsbgvcqx2658,???? ???,76,,1/14/2018 11:58,en,FALSE
oly245,Oly,758,London,12/13/2009 16:59,en,FALSE
lukevinnicombe3,luke vinnicombe,368,,12/26/2013 20:47,en,FALSE
ripplenews_tech,RippleNewsTech,49,,1/3/2018 19:34,it,FALSE
chemical_realm,chemical_realm,144,,10/25/2017 8:37,en,FALSE
ecoesset,Ecoesset Foundation,401,,3/26/2015 18:55,en,FALSE
bitcoinnewspage,Bitcoin New(spaper,0,Amsterdam,7/21/2011 11:29,nl,FALSE
bitcoinprice,bitcoin price,29,,11/29/2011 3:45,en,FALSE
mother_bitcoin,Mother Bitcoin,35,,10/29/2017 3:56,ja,FALSE
dianaterry354,DianaTerry,218,,12/8/2017 5:25,en,FALSE
calonpegawaich,Adit Mc Coley,280,,8/17/2017 10:53,en,FALSE
cryp70b34r,Alistair Grout,21,Pacific Time (US & Canada),1/7/2018 11:45,en,FALSE
_kevin_pham,Coinbase is a Shithole,3129,,3/18/2014 0:06,en,FALSE
maweie1,CryptoMat$,91,Copenhagen,2/21/2013 21:21,da,FALSE
adbanknetwork,adbank,32,Pacific Time (US & Canada),10/13/2017 19:02,en,FALSE
anis01729,Anis,4972,,8/4/2017 8:01,en,FALSE
kheeteck,Goh Khee Teck,21,,6/19/2011 15:50,en,FALSE
casper101987,Caspar,5563,Moscow,7/19/2011 12:03,ru,FALSE
centralcrypto,Crypto-Central,557,,12/15/2015 9:24,en,FALSE
tothemoon_ai,ToTheMoon ?? ?? ??,2985,Bern,10/19/2012 14:22,en,FALSE
iamjosephyoung,Joseph Young,249,Pacific Time (US & Canada),1/2/2014 7:15,en,FALSE
jury2beonline,JuryOnline,116,Pacific Time (US & Canada),9/12/2017 17:44,en,FALSE
youtube,YouTube,1030,Pacific Time (US & Canada),11/13/2007 21:43,en,TRUE
serhiykcv,?????? ?????????,109,Baghdad,5/8/2011 9:57,uk,FALSE
johnnyap4,#decentralization,378,,6/4/2017 16:36,en,FALSE
whalepanda,WhalePanda,159,Brussels,9/9/2014 5:29,en,FALSE
cmar,Chris Mar,757,Eastern Time (US & Canada),5/11/2007 22:33,en,FALSE
gonetwork_co,GoNetwork,65,Pacific Time (US & Canada),10/26/2010 21:43,en,FALSE
ethanwilding,Ethan Wilding,272,Pacific Time (US & Canada),3/1/2014 20:08,en,FALSE
lkcryptoman,LK CryptoMan ????,3291,Sri Jayawardenepura,1/27/2009 9:31,en,FALSE
l4ventures,L4,11,Pacific Time (US & Canada),9/20/2017 17:49,en,FALSE
mdzh3,md z hossain,255,,8/23/2017 14:49,en,FALSE
mrynn_sam,Sam,82,,12/17/2014 9:02,en,FALSE
abdulzbaker,Abdul,1046,,12/15/2017 9:18,en,FALSE
musamind,Musa Mind,484,,8/5/2010 7:14,en,FALSE
ins_ecosystem,INS Ecosystem,123,Pacific Time (US & Canada),4/27/2015 21:14,en,FALSE
okex_,OKEx,158,Hong Kong,5/25/2017 5:46,en,FALSE
kevt89,Valeri Volchok,536,London,5/19/2016 8:55,ru,FALSE
bitcoin_invest,??????,115,,6/30/2015 3:27,ja,FALSE
nexteitan,??,66,,11/26/2017 12:31,ja,FALSE
russms,Russell Sharp,1095,Eastern Time (US & Canada),8/15/2008 21:31,en,FALSE
matthewsitman,Matthew Sitman,1261,Pacific Time (US & Canada),8/20/2012 7:27,en,FALSE
democraticluntz,Jacob Alperin-Sheriff,760,Central Time (US & Canada),3/5/2009 3:27,en,FALSE
rizkyf_404,Rizky Febrian,748,Jakarta,8/24/2013 1:35,id,FALSE
chromaticsphere,Alex,358,,10/1/2017 18:02,en,FALSE
payperexnet,PayperEx@PAX Token,73,Pacific Time (US & Canada),8/3/2017 4:13,en,FALSE
mewwav,Mev Wav,1994,,10/12/2017 12:14,en,FALSE
cryptonetix,Cryptonetix,3083,Mountain Time (US & Canada),12/16/2014 12:34,en,FALSE
highrewardcoin,HighRewardCoin,171,Pacific Time (US & Canada),12/8/2017 17:22,en,FALSE
onpeakdemand,CRYPTONICLES on Peak Demand,5385,,11/25/2015 18:09,en,FALSE
nedjuly,nedjuly,1833,Pacific Time (US & Canada),8/26/2017 21:51,ru,FALSE
maasland_ale,Ale Maasland,303,Pacific Time (US & Canada),11/26/2015 12:27,en,FALSE
globitex_,Globitex,1966,Pacific Time (US & Canada),10/15/2015 12:46,en,FALSE
_alex_il,Alex Il,6786,Yakutsk,9/27/2017 10:51,ru,FALSE
starbiola,AJIBOLA SAVAGE© ????????,2891,,8/20/2011 17:41,en,FALSE
richardant12,ri'chard ????,971,,10/15/2013 22:44,en,FALSE
__connor___09,Chad Connor,134,,1/1/2018 12:05,en,FALSE
crypto_rand,Crypto Rand,238,Pacific Time (US & Canada),5/2/2017 19:06,en,FALSE
n_cryption,encrypto,179,,11/11/2017 11:57,en,FALSE
bitcoinslide,Bitcoin Slide,2,,1/12/2018 7:23,en,FALSE
yeshwanthraju80,yeshwanth,13,Pacific Time (US & Canada),7/9/2016 13:28,en,FALSE
giveaway_crypto,Crypto Giveaway,1634,London,1/10/2018 21:12,en,FALSE
jimvansing,JimVanSing,223,,1/4/2018 9:59,en,FALSE
codecrypto,Th?? ¯\_[ôo]_/¯,1975,Pacific Time (US & Canada),4/3/2014 21:57,en,FALSE
gilplatform,Gilgamesh Platform,926,,8/27/2017 20:27,en,FALSE
pirisonchiyusa,Lamont Bumbalough,318,Mazatlan,8/7/2010 21:14,en,FALSE
ladislavczech,Satoshi Nakamoto,3946,Hawaii,10/31/2010 17:07,en,FALSE
madb,madb,3,Central Time (US & Canada),2/1/2008 0:48,en,FALSE
andy_hoffman_cg,Andy Hoffman (#HODLBTC),0,,8/24/2017 0:52,en,FALSE
t21nguyen,GBT,84,Eastern Time (US & Canada),2/22/2013 0:46,en,FALSE
giacomozucco,Giacomo Zucco [NO176],1917,,7/19/2011 14:59,en,FALSE
saifedean,Saifedean Ammous,286,Eastern Time (US & Canada),12/30/2008 4:21,en,FALSE
bitstein,Michael Goldstein,471,Central Time (US & Canada),1/14/2017 14:52,en,FALSE
alistairmilne,Alistair Milne,2107,,2/15/2009 9:45,en,TRUE
techbalt,Adam Meister,92,Eastern Time (US & Canada),6/22/2009 9:46,en,FALSE
pierre_louw,Pierre Louw,963,Pretoria,4/11/2010 11:40,en,FALSE
financial_crime,FinancialCrime.org,0,Pacific Time (US & Canada),12/28/2014 7:54,en,FALSE
movementdao,The Movement,24,,8/6/2017 22:28,en,FALSE
kucoincom,KUCOIN,23,Pacific Time (US & Canada),9/19/2017 11:56,en,FALSE
cnddscbffpcza11,???? ?????,46,,1/9/2018 17:10,en,FALSE
socialprnews,Social PR News,49716,Eastern Time (US & Canada),5/20/2013 19:52,en,FALSE
soc_currency,Social Currency,16148,Pacific Time (US & Canada),7/22/2016 17:36,en,FALSE
taqyahjennah,Taqyah Hozaima,2883,,7/12/2017 6:47,id,FALSE
yout,yout,4,,3/25/2015 2:42,en,FALSE
business,Bloomberg,1091,Eastern Time (US & Canada),4/23/2009 20:05,en,TRUE
armandomejia,ArmandoMejia,216,,10/22/2008 1:25,es,FALSE
socialstocksnow,Social Stocks Now,261846,Eastern Time (US & Canada),6/18/2012 14:48,en,FALSE
ssn4marketing,SSN 4 Marketing,12677,Eastern Time (US & Canada),8/18/2013 0:15,en,FALSE
socialirnews,Social IR NEWS,25350,Pacific Time (US & Canada),3/5/2015 21:55,en,FALSE
getitoutnow,Get It Out Now,90471,Central Time (US & Canada),8/10/2015 23:10,en,FALSE
tradove_ico,TraDove ICO,5,Pacific Time (US & Canada),11/17/2017 0:42,en,FALSE
inakizuriel,;,332,Beijing,2/2/2012 1:48,en,FALSE
cot_criptomoeda,Cotação Criptomoedas,0,,1/4/2018 19:40,en,FALSE
mikel70665662,mikel,27,,12/20/2017 7:48,en,FALSE
bitcoin1031,?????@???????????,1181,,7/16/2015 20:02,ja,FALSE
trollman999,dwight sanford,1627,,7/14/2011 17:46,en,FALSE
listia,Listia,192,Pacific Time (US & Canada),6/8/2009 21:56,en,TRUE
ottlegalrebels,Marc R Gagné MAPP ??,22406,Eastern Time (US & Canada),7/19/2013 11:08,en,FALSE
arif095,Arif Hussain,972,Karachi,3/15/2011 8:06,en,FALSE
airdropalert,Airdrop Alert,95,Berlin,8/23/2017 16:26,de,FALSE
cryptoairdrops,Crypto Airdrops,82,,7/14/2017 12:08,de,FALSE
zulfi125,Crypto Alerts,8723,Karachi,12/7/2011 9:26,en,FALSE
bilalawan302,mbilalawan,1088,,8/11/2017 5:28,en,FALSE
wajid_niazi777,Wajid Niazi 777,348,Islamabad,12/15/2015 7:25,en,FALSE
zaheerkhans,ZaheerKhan's,335,Mumbai,12/19/2009 17:05,en,FALSE
z7866,Zaheer Hashmi,935,,3/28/2011 15:54,en,FALSE
online2017work,TRUE REVIEWS,334,,6/9/2017 0:15,he,FALSE
rtalbi,Rachid Talbi  ®,1572,Amsterdam,3/15/2010 8:20,en,FALSE
whalescommunity,Whales Community,118,Baghdad,5/8/2011 9:47,ar,FALSE
fruocoin,Fruo,11,,11/23/2017 17:14,en,FALSE
1webagency,paolo,570,Rome,3/1/2014 11:50,it,FALSE
clickz,ClickZ,7315,Eastern Time (US & Canada),4/11/2008 14:38,en,FALSE
jer979,Jeremy Epstein,79,Eastern Time (US & Canada),8/13/2007 15:37,en,FALSE
prontuarioes,El Prontuario??,10358,Bogota,10/15/2011 5:56,es,FALSE
joey34103,Joey,478,,6/26/2011 20:44,en,FALSE
tenaciousbtc,Buy The ATH (50K postponed til April!),534,Pacific Time (US & Canada),9/3/2014 19:27,en,FALSE
fried_piper_,OG1 Cryptobi,168,,8/22/2015 5:14,en,FALSE
dunc2k,Dunc,438,,6/4/2017 0:26,en,FALSE
inspiretkk,Inspire,5,Perth,10/16/2012 18:39,en,FALSE
btc2moon,2MoonBaby (Justice for Bitcoin),21,Pacific Time (US & Canada),11/15/2017 15:52,de,FALSE
alexgheorghiu3,Alex Gheorghiu,2,,11/14/2017 3:59,en,FALSE
paccoinczar,PACcoin CZAR,691,,1/1/2018 21:51,en,FALSE
patrykk82874705,KamP,155,,12/17/2017 21:52,en-gb,FALSE
hidayatt782,Taufikhidayat,543,Pacific Time (US & Canada),10/19/2017 0:24,id,FALSE
airdrop_expert,Airdrop Expert,34,Amsterdam,10/8/2017 13:32,nl,FALSE
xuhualove001,Sheva,8,Athens,1/25/2011 11:42,en,FALSE
newoutlander,new.outlander,416,,5/24/2011 14:06,en,FALSE
7h0r4xin4809,Thoraxinabog,232,Pacific Time (US & Canada),4/4/2017 14:38,en,FALSE
hartmann_thilo,Thilo Hartmann,43,Berlin,10/19/2016 15:46,de,FALSE
theniceguy8,Donald james,133,,12/1/2012 20:45,en,FALSE
cryptoinvesc,Cryptcompounder,169,,12/25/2017 14:01,en,FALSE
redneckrebuttal,RedneckRebuttal,2361,Central Time (US & Canada),11/9/2016 11:26,en,FALSE
sakuragislam,lalapaluza,8610,Athens,8/9/2011 16:46,ru,FALSE
rebelliouscoin,Rebellious Token,13,,10/7/2017 16:49,en-gb,FALSE
slavaboicov,????? ??????,1,,1/7/2018 10:52,ru,FALSE
cryptoocurrency,Cryptoo Currency,4668,Pacific Time (US & Canada),9/28/2016 2:28,en,FALSE
heather63995605,HeatherTerry,0,,8/9/2017 4:58,en,FALSE
geschenk4you,Geschenkideen 2014,6575,Greenland,3/23/2010 19:12,de,FALSE
pointweb_ru,Alex,651,Europe/Moscow,4/27/2009 13:11,ru,FALSE
fudofficial,Fudcoin,37,,1/12/2018 16:39,fr,FALSE
assam_techno,Assam Techno,422,,11/29/2017 13:07,en,FALSE
pyotr1106,???? ???????,1712,Baku,6/1/2015 13:08,ru,FALSE
thefed0ra,fed0ra!!,307,Bucharest,7/17/2016 16:02,en,FALSE
ktmfsz,shay!,50,Pacific Time (US & Canada),5/13/2017 14:24,en,FALSE
tonyclifford27,Groovy Tony,540,Amsterdam,8/20/2010 12:45,en,FALSE
danielcesak,mCoins.eu_Dan,100,,8/31/2017 12:37,cs,FALSE
bitcolncash,Bitcoin Cash,45,,7/21/2017 20:45,en,FALSE
ldoudon,Laurent Doudon,77,Paris,5/13/2009 15:31,fr,FALSE
raygrahana,Ray Grahana,204,Pacific Time (US & Canada),3/24/2014 18:40,en,FALSE
cryptogoal,CryptoGoal,4315,Kyiv,12/9/2017 11:41,ru,FALSE
trotskytshikane,Tshego,163,,2/17/2014 17:36,en,FALSE
cryptocobain,LIL CO?IE,122,Lisbon,12/23/2013 21:36,en,FALSE
onemanatatime,Explosive Expansion Lee ??????,111,Singapore,5/20/2010 7:35,en,FALSE
cryptoripple18,Nathan burt,42,,1/6/2018 23:48,en,FALSE
yourbtcc,BTCC,257,Beijing,2/11/2014 11:35,en,TRUE
jberkens,Judith Berkens,1507,,10/30/2014 21:05,en,FALSE
econyoshi,econyo$hi,274,London,4/21/2009 20:34,en,FALSE
necoclirenovado,Jason Wood,0,Pacific Time (US & Canada),2/23/2010 13:00,en,FALSE
bitcoin_matt,Bitcoinmatt,24,,12/23/2017 13:29,en,FALSE
tronfoundation,Tron Foundation,56,Pacific Time (US & Canada),8/6/2017 16:20,en,FALSE
mebren1,Mebren,134,,4/23/2017 14:06,tr,FALSE
amazon,Amazon.com,35,Pacific Time (US & Canada),2/13/2009 18:39,en,TRUE
blockchainekono,Blockchain Ekonomisi,786,Pacific Time (US & Canada),12/2/2017 8:51,en,FALSE
google,Google,212,Pacific Time (US & Canada),2/10/2009 19:14,en,TRUE
wikipedia,Wikipedia,791,Pacific Time (US & Canada),10/30/2009 20:29,en,TRUE
nsagov,NSA/CSS,117,Eastern Time (US & Canada),12/16/2013 14:48,en,TRUE
lietodd,Lie Todd,1745,,10/18/2014 20:53,en,FALSE
nhatminhed,Nhat.Edward,6925,Pacific Time (US & Canada),11/3/2015 8:45,vi,FALSE
gobytenetwork,GoByte Coin,0,Kuala Lumpur,11/7/2017 16:12,en,FALSE
kamruli97407703,kamrul islam,1000,,11/17/2017 14:19,en,FALSE
joshuam37572678,Joshua Miles,220,,11/7/2017 2:19,en,FALSE
nengwex,Zoin Coin Info,134,Ljubljana,4/16/2014 2:57,en,FALSE
giveawaysbtc,Bitcoin Giveaways,752,Pacific Time (US & Canada),5/27/2017 21:22,en,FALSE
emptysoulpl,Michal Swiatek,17,,1/4/2018 11:09,en,FALSE
bnetsec,Blockchain-NetSEC,395,,8/31/2010 14:31,en,FALSE
levelnetwork,LevelNet,1692,,7/4/2016 21:02,en,FALSE
shop_around,ShopAround,462,Moscow,3/18/2009 14:45,en,FALSE
masternodecoin,masternodecoin,20,,7/31/2017 14:23,zh-cn,FALSE
rougetoken,The Rouge Project,16,,7/1/2017 11:08,en,FALSE
gladiusio,Gladius Network,5323,Pacific Time (US & Canada),7/25/2017 0:11,en,FALSE
daoact_org,ACT,444,,1/9/2017 19:23,en,FALSE
restartenergyio,Restart Energy Democracy,99,Bucharest,11/3/2017 13:21,en-gb,FALSE
dustinlyle,Dustin Lyle,276,Central Time (US & Canada),6/29/2009 16:49,en,FALSE
paulabojinoff,Paula Bojinoff,1604,,9/28/2015 23:26,en,FALSE
mcastro326,Michael Castro CISO,119,Eastern Time (US & Canada),12/28/2009 13:19,en,FALSE
kqbyfzkthz1949,????? ??????,69,,1/14/2018 12:14,en,FALSE
planettreemedia,Nicholas Teal,4855,,10/15/2015 8:21,en,FALSE
cryptocalendars,CryptoCalendars.com,82,Pacific Time (US & Canada),9/25/2017 10:13,ru,FALSE
natsha29154177,Natsha,1,,1/14/2018 12:43,en,FALSE
ankush_a2,ANKUSH,2,Pacific Time (US & Canada),9/14/2014 18:10,en,FALSE
adhia03,Dr Hasmukh Adhia,19,,9/4/2011 16:13,en,TRUE
narendramodi,Narendra Modi,1861,New Delhi,1/10/2009 17:18,en,TRUE
justintrudeau,Justin Trudeau,963,Eastern Time (US & Canada),3/30/2008 21:04,en,TRUE
whome1475,Who Me,0,,1/14/2018 12:43,en,FALSE
lecturagm,Lectura Global,70511,Bogota,5/12/2014 12:44,es,FALSE
stocksthatgo,CamTheMan,14,,12/21/2016 17:19,en,FALSE
datosugerido,Dato Sugerido??,36592,Bogota,12/27/2012 16:40,es,FALSE
twittopsis,Twittopsis??,37480,Bogota,1/27/2011 3:40,es,FALSE
paccoin_net,PacCoin Foundation,57,,12/26/2017 20:01,ru,FALSE
manojishrehu,Manoj kumar,1105,,2/9/2012 6:52,en,FALSE
bitcoin_gcc,???????? ? ??????? ???????????,81,,12/21/2017 1:31,en,FALSE
rogerkver,Roger Ver,1002,Pacific Time (US & Canada),8/10/2010 10:48,en,TRUE
bitcoinrh,BitCoin Rhodium,188,Bratislava,12/1/2017 16:08,en,FALSE
btgmine,Bitcoin Gold Mine,97,,10/3/2017 8:50,en,FALSE
hashtags_trends,#Crypto_Trends,271,,12/22/2014 17:28,en,FALSE
developerhcnews,Coding News,359,Kyiv,6/30/2014 8:32,en,FALSE
margrettgoertz5,Margrett Goertz,79,,1/14/2018 12:26,en,FALSE
reinkanime,Sarah Allsop,12,Alaska,12/30/2011 4:36,en,FALSE
zalimash,Pika Pikaçuo?lu,101,Pacific Time (US & Canada),6/14/2017 18:42,tr,FALSE
jone_241,ICOlady,1194,Pacific Time (US & Canada),11/14/2017 14:16,en,FALSE
nativewhore,Mervyn Perez,1,Pacific Time (US & Canada),6/2/2010 13:42,en,FALSE
maesesonoro,Stanley Rubick,1845,Madrid,12/12/2010 12:37,es,FALSE
ninjaeconomics,Ninja Economics,19790,Eastern Time (US & Canada),4/12/2013 0:06,en,FALSE
cassidygavin,Gavin C,1393,,1/12/2012 12:29,en,FALSE
cromgood,Pepys’s Pont l’Elvèque,3254,,11/2/2015 15:13,en,FALSE
cmegroup,CMEGroup,6873,Central Time (US & Canada),8/21/2008 19:27,en,TRUE
junrick6,Junrick,51,,1/12/2018 18:58,en,FALSE
akmirror,MaKoDo,363,,9/12/2012 4:23,en,FALSE
cryptotrading99,Crypto Predictions,37,Pacific Time (US & Canada),5/4/2017 14:27,nl,FALSE
i_amgufran,Shaikh Gufran,426,,8/3/2012 6:48,en,FALSE
wl0411,?????,35,Pacific Time (US & Canada),4/24/2010 2:31,ja,FALSE
t3hmj4lfg8stbme,????@????,159,,11/25/2017 6:27,ja,FALSE
esferared,ESFERARED,1359,Madrid,2/24/2013 18:07,es,FALSE
espaciobitve,EspacioBitVE,5636,Caracas,7/8/2009 1:58,es,FALSE
closeyoursa,Close Yours,3195,,10/25/2017 2:37,tr,FALSE
cryptointegral,CryptoIntegral,213,,9/10/2017 9:00,en,FALSE
bennydoda01,Bitcoin Benny,119,Pacific Time (US & Canada),4/14/2011 22:38,en-gb,FALSE
jessus92,Cryptus,216,,12/23/2017 6:30,en,FALSE
usgoldcorp,U.S. Gold Corp.,57,Pacific Time (US & Canada),11/28/2016 14:00,en,FALSE
mateusz89013109,Mateusz,20,,12/27/2017 19:15,en,FALSE
stardustaddi,Adison Brizzi,21,,12/13/2017 10:52,en,FALSE
radioman70,Jared,188,America/New_York,6/10/2014 0:21,en,FALSE
stocktrain2,?????????,68,Irkutsk,11/4/2013 4:53,ja,FALSE
cityofinvestmnt,City Of Investment,6503,London,3/27/2017 17:44,en,FALSE
jnet__1,jNet1,0,,4/12/2016 22:54,ru,FALSE
lesmrat_huhi,Pat Cody,368,London,10/1/2014 4:45,ru,FALSE
sergey15585539,CryptoPartner,17442,,8/2/2017 10:08,en,FALSE
ckieszek,Christopher Kieszek,64,Atlantic Time (Canada),8/4/2013 23:33,en,FALSE
infobaeamerica,Infobae América,2786,Buenos Aires,7/30/2007 19:34,es,TRUE
cesarmarte09,Cesar Marte,14573,,1/28/2013 12:47,es,FALSE
traderfelix,Trader Felixcat,64,,1/8/2018 22:02,en,FALSE
quantum1net,Quantum1Net,5,,10/30/2017 8:24,en,FALSE
monicamanhattan,Monica Manhattan,412,Pacific Time (US & Canada),10/20/2017 21:00,en,FALSE
ascendtradings,Cameron,57,,10/8/2016 16:33,en,FALSE
miltonix,Milton Nieves,1267,Madrid,12/30/2009 13:32,en,FALSE
dercxsaw,Dercxsaw,140,,10/22/2017 17:41,tr,FALSE
pat_freak,Pat freak,30,,2/26/2015 9:06,en,FALSE
damien_cabadi,Damien de France ?? ???,17925,Paris,6/6/2016 9:35,en,FALSE
vimarketdotcom,Vimarket.io,85,Pacific Time (US & Canada),10/6/2017 0:34,en,FALSE
obb_333,Sir TT,539,Eastern Time (US & Canada),5/21/2017 21:48,en,FALSE
andaloons,Andaloons #HODL,369,Central Time (US & Canada),5/28/2009 18:50,en,FALSE
kenjitsukagoshi,????,889,Tokyo,8/17/2009 4:05,ja,FALSE
brandeenoeske11,Brandee Noeske,122,,1/14/2018 12:29,en,FALSE
crypto_newz,Crypto Currency Newz,2007,Pacific Time (US & Canada),2/22/2017 17:27,en,FALSE
erwin_crypto,Erwin,140,Amsterdam,4/2/2015 12:18,nl,FALSE
luciafaeth,Lucía Faeth,29692,Bogota,12/19/2015 15:47,es,FALSE
kuriharan,Kohei Kurihara,26374,Hawaii,4/22/2010 15:09,en,FALSE
tejaschogale,Tejas Chogale,161,Mumbai,1/10/2010 15:08,en,FALSE
turnkeyfans,Turn Key Fan Page,16121,,12/23/2011 18:37,en,FALSE
29spinarelizabe,Elizabet,2232,Pacific Time (US & Canada),12/26/2016 11:39,es,FALSE
redditbtc,/r/Bitcoin,163,,11/16/2012 4:41,en,FALSE
tokenixer,Josiah Ufono,412,West Central Africa,2/1/2015 23:24,en,FALSE
solidifx,Solidi,322,,2/4/2015 14:32,en,FALSE
criptovaleur,Cryptovaleur,359,,10/8/2017 16:05,en,FALSE
kasou_bitcoin,???????,6925,Irkutsk,2/17/2015 2:44,ja,FALSE
xurentos,Xurentos,44,,1/13/2017 0:27,de,FALSE
tegahsylvester1,Tegahsylvester,162,,11/24/2017 5:24,en,FALSE
bee_socials,BeeSocials,268,,2/18/2017 19:45,en,FALSE
bobolura,Fedor Krasnov,553,London,4/26/2016 0:19,ru,FALSE
tpsjames,Um No,2830,,9/19/2012 7:59,en,FALSE
ztwithdabeatz,Zack T. ????????,5001,Central Time (US & Canada),3/15/2015 16:32,en,FALSE
king___option,?????? ???????,0,Pacific Time (US & Canada),1/13/2018 15:04,ar,FALSE
m1406majid,MAjid Muashi,857,,8/26/2015 18:52,ar,FALSE
fatihsk87,FatihSK87,328,Amsterdam,7/21/2014 7:39,en,FALSE
tap3o00,TapioStardust,1389,Pacific Time (US & Canada),9/21/2017 19:42,en,FALSE
rodulfox,Juan R. Rodulfo Moya,2722,Eastern Time (US & Canada),4/30/2010 1:51,en,FALSE
syaza_jasmine77,Syaza Jasmine,958,,7/7/2017 4:38,id,FALSE
dgcoin,DGcoin,319,,12/15/2017 11:56,tr,FALSE
amandabucklan14,AmandaBuckland,64,,8/8/2017 9:32,en,FALSE
zulfikar_tauhid,zulfikar tauhid,1185,,9/17/2017 8:08,en,FALSE
kingofslovakia,Zeleznik Martin,130,,7/3/2012 9:44,en,FALSE
dfs_plot,DFS Plot,26,,12/1/2017 20:08,en,FALSE
cryptopeko,CryptoPeko??????????,287,,5/11/2017 14:04,ja,FALSE
fidentiax,fidentiaX,23,Pacific Time (US & Canada),8/23/2017 4:06,en,FALSE
bitcoin_nu,????@$ XRP $XP $IXT,88,,12/20/2017 3:19,ja,FALSE
kymberlyascenc4,Kymberly Ascencio,46,,1/14/2018 6:21,en,FALSE
bitcoinlovers2,Bitcoin Lovers,11,Pacific Time (US & Canada),7/20/2013 18:49,en,FALSE
kaorifx,??@???????,1007,,12/18/2017 13:57,ja,FALSE
qe4smipj2o1bijr,"???? ?????????",20,,1/13/2018 18:42,en,FALSE
btctn,Bitcoin News,559,Pacific Time (US & Canada),7/9/2015 8:58,en,TRUE
t3chjunk33,Stephan Kruger,246,,1/16/2016 21:19,en,FALSE
rajat_shrimal,Rajat Shrimal,576,Pacific Time (US & Canada),8/14/2012 9:15,en,FALSE
musungakabwe,Musunga Kabwe,547,,11/24/2013 18:34,en,FALSE
okpaypartner,okpaypartner,1063,,10/23/2010 13:09,en,FALSE
emulockers,Dominic Anderson,984,Pacific Time (US & Canada),8/8/2014 13:48,ru,FALSE
gagnelegal,Gagne and Associates,81,,7/11/2016 11:49,en,FALSE
zekeosborne,Zeke Echelon |  Crypto's No.23,164,,12/26/2017 23:07,en-gb,FALSE
ddd_ichaival,??@LiSA??,176,Irkutsk,8/16/2013 7:06,ja,FALSE
coinhealth1,CoinHealth,12131,Pacific Time (US & Canada),6/7/2010 2:22,en,FALSE
icoiners,Cryptocurrency Crazy,91,,10/14/2017 8:51,es,FALSE
6mmaloney,Michael Maloney ?,60,,11/16/2017 2:34,en,FALSE
tweezy02925200,Tweezy,334,,8/26/2017 10:36,fr,FALSE
hackapreneur,Justin Wu - Blockchain Growth,75095,Arizona,4/30/2012 6:42,en,TRUE
iamkarissabreen,KBeee,292,Sydney,5/14/2016 13:05,en,FALSE
tawadrousblanch,Blanch Tawadrous,19,,1/28/2017 19:13,en,FALSE
jesus_crypt,Jesus Crypt,3121,,9/15/2017 23:17,it,FALSE
thecryptobakers,CryptoBakers - Cryptocurrency News,312,Pacific Time (US & Canada),7/25/2015 17:43,en,FALSE
crowd_machine,Crowd Machine,1097,Pacific Time (US & Canada),8/27/2017 21:54,en,FALSE
bitfr1end,Oleh Kalancha,6602,Pacific Time (US & Canada),1/29/2017 15:21,ru,FALSE
currenscene,The Currency Scene,2397,Central Time (US & Canada),11/21/2011 15:08,en,FALSE
gameindustr,Games Industry,3503,Pacific Time (US & Canada),5/20/2010 12:42,en,FALSE
geliosio,Gelios.io,17,Pacific Time (US & Canada),9/4/2017 18:09,ru,FALSE
cryptoblogerru,Cryptoblogger,9864,Volgograd,10/24/2017 8:55,en,FALSE
kotoyokf,????&K,274,Chihuahua,4/6/2010 23:01,en,FALSE
caytxg,JEANNETTE Sprang,323,,7/6/2016 21:24,ru,FALSE
georextle86,????? ?????,75,,8/24/2016 10:30,ru,FALSE
nelsons78,Nelson Simao,50,,2/2/2012 9:10,en,FALSE
itscalledbcash,jo,456,Pacific Time (US & Canada),1/7/2018 13:49,fr,FALSE
gigabitcoin,Giga?itcoin,10059,Mountain Time (US & Canada),11/4/2009 18:04,en,FALSE
wef,World Economic Forum,346,Bern,4/18/2007 14:00,en,TRUE
natlaforest,Laforest Nathalie,1375,Eastern Time (US & Canada),12/14/2012 20:48,fr,FALSE
bitcoindev1,Bitcoin Dev,2020,,3/1/2017 14:38,en,FALSE
bitcoin_bullet,Bitcoin Bullet,9368,Sri Jayawardenepura,1/23/2015 10:02,en,FALSE
lippopaxd,lucy,85,,9/23/2017 14:18,en,FALSE
mojavedan,Dan Harley,15735,Pacific Time (US & Canada),7/31/2009 18:26,en,FALSE
mrlutavo,Louis Nobleman,53,,10/3/2017 14:52,es,FALSE
teguhhandayani2,404error,1751,,5/9/2017 5:43,id,FALSE
farhanwhy2k,FAZ_BCN,5000,,5/16/2011 16:36,en,FALSE
sirstuairdrops,Sir Stu's Crypto Airdrops,835,,12/21/2017 6:48,en-gb,FALSE
kolescoinnews,KCN,5977,London,7/4/2016 9:25,en,FALSE
ferrari,Ferrari,9,Rome,7/16/2014 8:41,en,TRUE
litecoin,litecoin,21,Pacific Time (US & Canada),10/5/2011 18:30,en,FALSE
heritagef1,HeritageF1,240,,5/22/2015 19:59,en-gb,FALSE
pineapple_coin,PineappleCoin,78,,10/13/2017 1:42,en,FALSE
jojomglobal,jojomglobal,187,Pacific Time (US & Canada),12/22/2015 6:02,en,FALSE
mcpheefu,JEANA Kimbrel,132,,7/6/2016 20:09,ru,FALSE
cryptocoin_tips,????????,448,,12/29/2017 17:47,ja,FALSE
verotrada,Veró,859,Central Time (US & Canada),12/10/2012 15:29,es,FALSE
pundixlabs,Pundi X,37,Pacific Time (US & Canada),9/19/2017 7:32,en,FALSE
cryptofool7,cryptofool,38,,1/2/2018 10:33,en,FALSE
sambishop66,Samm Serrinitty,1405,,3/6/2011 6:24,en,FALSE
todoenpcve,Todo En PC 2.0,3404,Caracas,1/4/2012 13:01,en,FALSE
cryptobeeman,Crypto Beeman ??,687,Pacific Time (US & Canada),12/19/2017 8:27,en,FALSE
ankorusglobal,Ankorus,25,Pacific Time (US & Canada),8/19/2017 12:46,en,FALSE
trasapponfast,Richie Zank,285,London,10/4/2014 12:47,ru,FALSE
_realtrlllshit,Desz ?,451,,4/15/2014 15:21,en,FALSE
fintech__forum,Fintech Forum,523,,1/17/2017 15:28,en,FALSE
ricardocorreia0,Ricardo Correia,24,,6/24/2011 14:31,en,FALSE
ias_2014,Andrea ????,784,Quito,5/9/2009 6:21,en,FALSE
softwarehype,Matthew Okeke,650,Alaska,12/9/2009 18:57,en,FALSE
auliaaa71_,Aulia Yurdika,2268,,1/26/2012 1:01,en,FALSE
huggardhirendra,Thomas Roll,292,Pacific Time (US & Canada),5/27/2013 15:15,en,FALSE
imidnyte,?? - Jason,320,Pacific Time (US & Canada),2/5/2009 0:38,en,FALSE
harrytwoslaps,Harry Palmer,3996,Tijuana,8/19/2010 19:13,en,FALSE
iad_xo,iad_xo,759,Eastern Time (US & Canada),6/13/2014 21:44,en,FALSE
cachestocks,Simon Roberts,987,Pacific Time (US & Canada),8/13/2014 21:15,ru,FALSE
jakerbakerboy15,Rita Butel,297,London,5/11/2016 12:03,ru,FALSE
financializer,Financializer,10,Eastern Time (US & Canada),4/8/2013 21:24,en,FALSE
nekomatsuranki,Cameron Quijano,291,Pacific Time (US & Canada),5/20/2010 13:05,en,FALSE
egoldgg,eGold,912,,9/12/2017 14:59,en,FALSE
hedgeconnect1,HEDGECONNECT,508,,12/12/2017 9:32,en,FALSE
sachindu_d,sachindu d amarakoon,1095,Sri Jayawardenepura,7/30/2017 9:33,en,FALSE
tim_coin,TIM (The Internet of Money),17,Pacific Time (US & Canada),1/29/2015 10:31,en,FALSE
lawrencelastra,Lawrence Lastra,674,,1/26/2017 13:15,en,FALSE
sdenfr4shhh,Shane Dennegan,35,International Date Line West,2/24/2015 20:38,en,FALSE
artexglob,artex.global,0,,8/7/2017 6:29,ru,FALSE
katsukuzaigeki,Bruce Klima,297,Indiana (East),4/17/2010 17:53,en,FALSE
ipekcianil,King of Kin,304,,12/17/2017 7:36,en,FALSE
spopovss,sergey,749,,9/7/2012 19:21,ru,FALSE
elixir_platform,The Lix Platform,1,Pacific Time (US & Canada),12/2/2017 3:52,en,FALSE
crypto_canadian,CanadianCrypto,102,,12/16/2017 19:54,en,FALSE
steveaks,S. Akselsen,25,,8/21/2009 1:02,en,FALSE
bitcoindoespay,Sir Ian Bitcoin,122,,12/26/2017 18:16,en,FALSE
crypticsup,Cryptics,798,Bern,8/6/2017 11:25,ru,FALSE
cerenisstan,Sheldon Overbay,329,London,10/4/2014 13:08,ru,FALSE
cykillercrypt,Cy,13,,12/26/2017 21:45,en,FALSE
paccoinofficial,PACcoin,9,Pacific Time (US & Canada),11/2/2017 18:29,en,FALSE
betguardianbux,Betguardian,6,,4/3/2016 15:26,nl,FALSE
fintechgrowth,Lisa Smith,1267,,11/13/2016 19:08,en,FALSE
galantferry,Galant #savedroidico,1810,Pacific Time (US & Canada),10/27/2017 3:06,en,FALSE
1989abb28,Adam Wrise,52,,12/8/2017 9:43,en,FALSE
fxvnpro,Ly Duc Duy,353,,5/18/2009 19:44,en,FALSE
bitcoincreative,Bitcoin Creative,2785,Pacific Time (US & Canada),11/30/2015 13:19,en,FALSE
ixviimcmxc,Gentleman of Leisure,210,,9/24/2015 8:21,en,FALSE
bitcoinsharma2,Bitcoin Sharma,3423,,3/1/2017 14:48,en,FALSE
potentiam_io,Potentiam,1,London,8/15/2017 16:19,en-gb,FALSE
forever_suka,Forever_SUKA,1796,Abu Dhabi,3/7/2013 12:12,ru,FALSE
dailycryptoguy,The Daily Crypto Guy,77,Amsterdam,3/23/2014 13:42,de,FALSE
tenxwallet,TenX,59,Singapore,12/17/2015 15:21,en,FALSE
julianhosp,Dr. Julian Hosp,108,Hong Kong,3/22/2009 10:08,en,FALSE
lauraboyoon,LBYW,22,Amsterdam,8/3/2009 18:14,nl,FALSE
modifyth,modify,139,Bangkok,3/30/2010 14:57,th,FALSE
kinollihik,Kinollihik,4574,Pacific Time (US & Canada),10/8/2017 19:41,en,FALSE
creditscom,CREDITS,40,Pacific Time (US & Canada),3/10/2015 16:07,en,FALSE
cryptocoinsnews,CCN,21153,Athens,9/12/2013 6:45,en,FALSE
zlatan02091,Zlatan,125,,1/9/2017 3:31,en,FALSE
bboy_vino,Melvin Unana,18,,1/12/2014 18:35,en,FALSE
imfrankanthony,Frank Anthony III | XRP | TRX | XVG | NEO | BNB,52,,12/23/2017 12:32,en,FALSE
xxbtcxxx,btc takibi,4252,,12/25/2017 20:35,tr,FALSE
ironblock_io,Iron Block,0,,11/19/2017 20:56,ru,FALSE
remi_vladuceanu,Remi Vee ???,111389,Bucharest,3/26/2009 12:16,en,FALSE
zentmsupporters,ZenSocial Supporters,9385,,9/24/2016 21:04,en,FALSE
digital_notice,Digital Notice,1287,New Delhi,6/16/2016 3:24,en,FALSE
ebargainstoday,eBargains Today,17535,Pacific Time (US & Canada),10/13/2015 1:53,en,FALSE
pieloglc,grimesquad_ebooks,2266,,11/15/2011 10:13,en,FALSE
okeniyijoseph,okeniyijoseph,4089,Beijing,9/7/2011 19:08,en,FALSE
otho_network,Otho.Network,1,Pacific Time (US & Canada),5/7/2013 12:55,en,FALSE
actionboyv,Alexandr V.,6392,,10/24/2015 10:28,en,FALSE
kouanat80,Crypto Odre,228,,9/21/2015 9:22,fr,FALSE
outmysphere,OutMySphere,12,Madrid,10/18/2015 14:12,fr,FALSE
cockprinbuki,Rita Kovalena,273,London,10/5/2014 10:08,ru,FALSE
jonoer1,Jonathan,35,Ljubljana,2/7/2013 19:47,en,FALSE
ketter4444,Ketter,131,Kyiv,1/3/2018 11:06,uk,FALSE
cryptomammy,Lennie ?? CryptoMom,254,,12/31/2017 16:09,en,FALSE
aliaktar,Ali Aktar,23,,6/10/2010 9:18,en,FALSE
bbmnaturals,Beauty By Minaye,91,,11/29/2017 17:42,en,FALSE
davecryptos,Dave Cryptos [$TRX] ??,49,,12/30/2017 6:52,nl,FALSE
dailytronnews,Tron News,44,,1/6/2018 4:08,de,FALSE
rui314,Rui Ueyama,225,Pacific Time (US & Canada),4/9/2007 0:59,en,FALSE
daneko0123,????? ?????,500,Tokyo,1/21/2010 15:18,en,FALSE
firmanassidiq,Firman,2410,,10/17/2015 7:51,en,FALSE
spontaneouswand,Chris mclauchlan,128,,8/25/2017 1:11,en,FALSE
lidiyabublikova,Lidiya Bublikova,5013,Pacific Time (US & Canada),9/18/2014 13:18,ru,FALSE
kamranhye,Kamran Hye,1988,London,6/11/2010 15:00,en,FALSE
armstro70071974,Armstrong,381,,7/8/2016 20:17,en,FALSE
estream_studios,eStream Studios,12198,Pacific Time (US & Canada),12/15/2016 2:52,en,FALSE
shutupandj0hn,John Vieira,1679,,4/17/2014 3:46,en,FALSE
bram_maatman,Bram Maatman,40,,12/23/2017 0:14,nl,FALSE
marfi_ebooks,Marfi,0,Pacific Time (US & Canada),3/25/2017 16:42,en,FALSE
icoalert,ICO Alert,161,Pacific Time (US & Canada),4/22/2017 15:38,en,FALSE
ayin2206,mulyatidarmali,4848,,6/16/2017 16:10,id,FALSE
infoboosteroid,Boosteroid,65,,8/25/2017 9:43,ru,FALSE
cfmgiutp2849,"????? ????????",94,,1/8/2018 18:47,en,FALSE
giantgox,GiantGox,19822,Pacific Time (US & Canada),12/17/2015 11:05,ja,FALSE
b_tae,????,329,Tokyo,12/30/2010 16:02,ja,FALSE
airdropfaucet,AirdropFaucet.Com (coming soon),52,Eastern Time (US & Canada),3/7/2014 19:43,en,FALSE
sanustrico,Subham Kumar,521,,9/13/2017 18:06,en,FALSE
huffpost,HuffPost,5697,Eastern Time (US & Canada),4/24/2008 14:07,en,TRUE
gunsabibinma,Johnie Mccullen,311,Pacific Time (US & Canada),3/1/2012 1:13,en,FALSE
cashaaltd,Cashaa LTD,180,London,6/27/2016 9:50,en,FALSE
abib_ku,Abib Habibi,3980,,6/27/2017 14:17,en,FALSE
torn_trx,??????@???? $TRX??,791,Pacific Time (US & Canada),5/4/2016 1:54,ja,FALSE
alpenzel,Alexander Penzel,6,,1/5/2018 20:38,de,FALSE
sunnyhoi,Sunny Hoi,1684,Eastern Time (US & Canada),12/24/2008 10:44,en,FALSE
corinamariex7,COCOMARiE ?,986,Pacific Time (US & Canada),4/12/2014 6:27,en,FALSE
joe_helt,Liam Stewart,946,Pacific Time (US & Canada),8/13/2014 21:52,ru,FALSE
tmamarad,Teo,20,,1/3/2018 3:37,en,FALSE
binance_2017,binance,1349,Pacific Time (US & Canada),6/22/2017 8:38,en,TRUE
hayirtabi,?nad?na Hay?r,1180,,1/25/2017 14:27,tr,FALSE
bravenewcoin,Brave New Coin,1791,,1/27/2014 2:52,en,FALSE
mferreira680,Marcelo Ferreira,267,Brasilia,9/20/2015 22:41,en,FALSE
v1p_uweterodene,Alex,1214,Kyiv,1/8/2013 17:07,ru,FALSE
anshorynovan,Anshory,92,,7/10/2017 0:24,en,FALSE
dakeiras37,Fitc Chivel,425,,5/28/2016 8:30,ru,FALSE
lu_malala,??Malala  ?,266,Quito,4/14/2009 22:15,en,FALSE
acrobatscottt,Abigail Scott,40,,12/8/2017 9:24,en,FALSE
time2crypto,Time2Crypto,2,Pacific Time (US & Canada),4/19/2010 2:09,es,FALSE
firelottery,FireLotto,3,,11/13/2017 12:21,ru,FALSE
jdevil92,JDevil92,767,,4/22/2013 17:10,de,FALSE
isoardi_silvano,Silvano81,497,Mountain Time (US & Canada),2/14/2010 14:41,it,FALSE
isoardid,daniela isoardi,493,Amsterdam,5/3/2012 14:41,it,FALSE
cif_team,CIF,14629,Pacific Time (US & Canada),7/24/2017 22:34,en,FALSE
iamhimanshuu11,Himanshu,20,,7/2/2015 11:03,en,FALSE
lydiancoinltd,Lydian,80,Pacific Time (US & Canada),8/4/2017 22:55,en,FALSE
gsmanchanda,Gagandeep Singh,111,,4/20/2010 4:56,en,FALSE
theorzur,Or Zur [LTC],28,,12/12/2017 22:46,he,FALSE
fallensky7,???????,4864,Pacific Time (US & Canada),9/4/2017 12:02,ru,FALSE
darthhatter00,Starbright ?,3444,,3/29/2017 1:27,en,FALSE
cryptoc0in,Cryptocurrency.Tech,32,Moscow,2/3/2017 21:40,ru,FALSE
scashofficial,SmartCash,32,Pacific Time (US & Canada),3/7/2017 19:04,en,FALSE
panji_s76,Aditya Panji,51,,1/9/2018 3:50,en,FALSE
experty_io,Experty.io,224,Pacific Time (US & Canada),7/26/2017 15:21,en,FALSE
cryptobali2,cryptobali,4422,,10/11/2017 14:07,ru,FALSE
mrmochizuki,Shinichi M ?TC $1k,87,,5/27/2017 11:45,en,FALSE
izx_io,IZX,39,Pacific Time (US & Canada),6/13/2017 9:39,ru,FALSE
starl1nk,???????? ??????,1828,Novosibirsk,2/4/2012 14:42,ru,FALSE
ankit199999,Ankit Kumar,3918,,10/1/2017 2:38,en,FALSE
covesting,Covesting,30,,9/5/2017 0:13,en,FALSE
zukikaiireru,Roosevelt Corr,306,Pacific Time (US & Canada),10/14/2011 4:37,en,FALSE
emmy_breeze,EMMY BREEZE ACHUKWU,67,,6/14/2013 11:27,en,FALSE
savedroidag,savedroid AG,566,Pacific Time (US & Canada),9/24/2015 16:09,en-gb,FALSE
matthiasfluhr,Matthias Fluhr,312,Pacific Time (US & Canada),9/2/2011 14:10,de,FALSE
bsudhakar,bskar,401,Mumbai,8/9/2009 7:26,en,FALSE
reddit,Reddit,882,Pacific Time (US & Canada),3/5/2007 3:38,en,TRUE
ipmewero1982,Andrew Skinner,980,Pacific Time (US & Canada),8/13/2014 21:06,ru,FALSE
venturecurrency,Venture Currency,1,,9/25/2017 22:24,en,FALSE
vikuvarshu,Hariharan Vaidyanath,190,,4/15/2010 8:12,en,FALSE
jasoncoombsceo,"Jason Coombs, CEO",5002,Pacific Time (US & Canada),4/12/2013 21:04,en,FALSE
falkonarrow,Falcon Wings,4603,,7/31/2017 12:41,ru,FALSE
tech_geek_77,Crypto King ??,22,Eastern Time (US & Canada),9/17/2015 23:09,en,FALSE
marverde33,marverde,22,,3/12/2014 14:19,en,FALSE
mycryptoca,mycryptoca,35,,12/25/2017 18:04,en,FALSE
binancestatus,BinanceStatus,29,Abu Dhabi,1/8/2018 18:25,en,FALSE
cointelegraph_,Cointelegraph — Bitcoin and Cryptocurrency News,118,Pacific Time (US & Canada),5/22/2010 12:44,en,FALSE
kredikartlari,Bitcoin Ethereum,3403,Santiago,6/12/2009 15:03,tr,FALSE
quinone_443,Nastya Protasevich,281,London,10/4/2014 9:32,ru,FALSE
ejipatmo,Cvetka,6142,Kyiv,9/26/2013 18:10,ru,FALSE
altcoinstalks,Altcoins Talks,2,,10/19/2017 22:20,en,FALSE
alechenu_d,Alechenu David E.,231,,4/23/2016 22:27,en,FALSE
pandean_l,Pandean,69,,9/24/2010 14:56,en,FALSE
dhimaswicak,Dhimas Wicaksono,417,Pacific Time (US & Canada),9/26/2009 3:52,en,FALSE
bitcoincoid,Bitcoin Indonesia,14,,2/12/2014 6:21,en,FALSE
shashabira,Shabira M,456,Pacific Time (US & Canada),1/9/2010 9:22,en,FALSE
hotcryptonews,HotcCryptoNews,12343,,2/25/2015 7:58,ru,FALSE
fbuechsel,Frank Escaros-Büchsel,1974,Dublin,5/1/2012 6:54,en,FALSE
bryanrbeal,Bryan Beal ??,1592,America/New_York,11/28/2008 7:36,en,FALSE
memmosdubai,MEMMOS FZCO,30540,Abu Dhabi,11/18/2011 19:26,en,FALSE
news7breaking,BreakingNews7-24,9804,,2/25/2015 8:04,ru,FALSE
orca_alliance,ORCA Alliance,1330,Vilnius,10/6/2017 10:10,en,FALSE
texasec,Geka,1060,,7/31/2013 17:21,ru,FALSE
jrepin,Jure Repinc,835,Ljubljana,8/11/2007 23:33,en,FALSE
bitcoinart_,Bitcoin Art,5859,Pacific Time (US & Canada),10/19/2013 19:41,en,FALSE
carloshsantana7,carloshsantana,1599,Atlantic/Canary,11/11/2014 0:34,es,FALSE
cryptoinside,CryptoMarketNews,14181,Pacific Time (US & Canada),2/25/2015 8:11,ru,FALSE
m_slijkhuis,Mark Slijkhuis,460,Amsterdam,7/7/2012 8:37,nl,FALSE
robcloot,Hey Yo,166,,4/2/2011 1:54,en,FALSE
cryptoleung,CryptoBud,68,,6/10/2017 4:05,en,FALSE
benniv1986,BenniV,17,,9/28/2016 4:16,en,FALSE
papts1978,papts1978,26,,11/20/2017 16:48,en,FALSE
fubaraezekiel,fubara ezekiel,57,,4/5/2013 12:10,en,FALSE
goldbug666,GoldChain,514,,6/1/2017 11:44,en,FALSE
gold_bitches,Gordon Gekko,90,Eastern Time (US & Canada),5/15/2010 4:06,en,FALSE
mindstatex,Reina Nakamoto ??,1317,,6/2/2012 11:07,en,FALSE
aspietrader,Aspie Trader,649,Amsterdam,4/5/2014 12:01,en-gb,FALSE
refereum,Refereum,243,Pacific Time (US & Canada),6/10/2017 22:14,en,FALSE
jnagarajan7,Jay Nagarajan,639,,10/21/2013 8:01,en,FALSE
nytimes,The New York Times,886,Eastern Time (US & Canada),3/2/2007 20:41,en,TRUE
tdlenergy,TDL Energy LLC,4812,Eastern Time (US & Canada),2/25/2016 14:05,en,FALSE
billratchet,wus poppin jimbo,593,Eastern Time (US & Canada),2/23/2012 5:55,en,FALSE
lsaacjp,isaac,102,Amsterdam,12/3/2010 16:29,en,FALSE
customerpartner,Raj Sodhi,55,,11/1/2010 15:37,en,FALSE
reynantamondong,Reynan Tamondong,577,Hong Kong,8/13/2009 13:38,en,FALSE
_filipvavra_,Filip Vávra [LTC],135,,4/11/2014 20:56,cs,FALSE
dogecoinfaucet,Dogecoin Friend,1383,,9/7/2014 20:39,en,FALSE
sinhronica7,Sinhronica7,122,,10/30/2017 18:52,en,FALSE
damnoffers,J1,70,Eastern Time (US & Canada),6/9/2010 1:33,en,FALSE
krdelaschumann,K.R. de la Schumann,2327,Berlin,7/4/2010 15:26,de,FALSE
ghostyak,"Young-Gi, Park",87,Seoul,8/30/2009 13:28,ko,FALSE
v_fadeev97,Vladimir Fadeev,2341,,8/18/2016 9:36,ru,FALSE
crypto_real,crypto,254,,10/20/2017 9:14,ja,FALSE
xwin_cryptobet,Xwin,70,Pacific Time (US & Canada),10/29/2017 19:48,en-gb,FALSE
liliaz17,Liliia Nik,78,,10/12/2017 9:52,en,FALSE
forbescrypto,Forbes Crypto,83,,8/28/2017 21:32,en,TRUE
khalili022,???? ?????????,95,,1/14/2018 12:02,ar,FALSE
lbryio,LBRY,628,Eastern Time (US & Canada),11/5/2014 21:34,en,FALSE
petrobitcoin,$PETRO,25,,12/4/2017 13:57,es,FALSE
electroneuminfo,Electroneum,3705,Pacific Time (US & Canada),9/27/2017 3:13,en,FALSE
tradingintime,RaiderUk,786,London,8/14/2009 17:29,en,FALSE
dontsettlesba,Code Blood,736,,7/9/2017 15:04,en,FALSE
wiomax_va,WioIoT,1349,,9/20/2016 20:28,en,FALSE
onlinebizop101,OnlineBiz Motivation,317,Pacific Time (US & Canada),3/3/2017 22:52,en,FALSE
kwhcoin,KWHCoin,3,,11/29/2016 16:29,en,FALSE
pueritjuliet,juliet puerit,514,Pacific Time (US & Canada),11/22/2017 7:44,en,FALSE
misery_crown,Nguyen Thanh Tung,29,Hanoi,9/29/2011 8:13,en,FALSE
cryptouknews,Crypto Weekly News,517,,12/6/2017 21:50,en,FALSE
foreximl,Yasmine&Sam//Traders,3601,,10/16/2017 14:07,en-gb,FALSE
teslamint,?????,478,Asia/Seoul,4/28/2009 4:20,ko,FALSE
saranaqiyah,Jane Sheremet,294,London,5/8/2016 18:11,ru,FALSE
aigangnetwork,Aigang,2132,Pacific Time (US & Canada),6/8/2017 12:48,en,FALSE
paulmadsen,Paul Madsen,213,Eastern Time (US & Canada),3/26/2007 18:59,en,FALSE
teufelchristoph,Christoph Teufel,1284,Vienna,8/6/2011 10:03,en,FALSE
influencerat,Influencer Austria,3866,,6/28/2017 21:03,de,FALSE
cryptocurrent,??.cc,576,Arizona,7/3/2012 5:28,en,FALSE
block_chainers,BlockChainers,349,Pacific Time (US & Canada),11/28/2017 19:43,en,FALSE
coinfestuk,CoinFestUK.org,5001,,8/31/2015 14:55,en-gb,FALSE
blaiseplays,Blaiseplays,39,Tijuana,7/31/2014 23:02,en,FALSE
susveray28,jesus velazquez,5001,Caracas,4/22/2010 15:09,es,FALSE
star_quantum,Quantum Star,92,,3/27/2016 6:07,en,FALSE
wepowern,WePower,2104,Pacific Time (US & Canada),7/19/2017 15:32,en,FALSE
cryptocexaminer,CryptoCurrencyExaminer.com,0,,12/1/2017 6:39,en,FALSE
withthemagic,Opal,331,Midway Island,11/16/2015 13:57,en,FALSE
pratheeshpc,pratheesh pc,19,Chennai,9/18/2009 16:32,en,FALSE
vergecurrency,vergecurrency,734,,1/19/2016 3:47,en,FALSE
3ce355988821471,RB,9,,1/13/2015 23:07,nl,FALSE
joenotoops,Joe noto,24,,2/16/2016 21:36,en-gb,FALSE
kungkrypto,Kryptonit,113,,9/7/2017 12:55,sv,FALSE
khan_technical,Technical Khan,148,,1/13/2018 12:38,en,FALSE
trxdogsdotcom,TRX Dog,3,,1/1/2018 23:31,en,FALSE
helenjo04460859,Helen johns,71,,7/27/2016 11:44,en,FALSE
cryptoprecision,CryptoPrecision,43,,12/31/2017 10:57,en,FALSE
cryptoriker,Crypto Riker,2546,Pacific Time (US & Canada),11/5/2017 9:37,en,FALSE
dinc_tuna,Tunahan Dinc,13482,,12/4/2014 15:07,en,FALSE
saeedbaygi,Saeed Valadbaygi,17890,Pacific Time (US & Canada),5/14/2009 11:39,en,FALSE
itswhodeybltty,WhoDey,2283,,12/23/2011 17:22,en,FALSE
micromoneyio,MicroMoneyIO,2095,Yakutsk,11/5/2013 7:38,ru,FALSE
babatunde_70,Folorunso Tunde,4960,,8/5/2017 13:43,en,FALSE
jpvalente72,Paulo Valente,463,Cape Verde Is.,4/13/2009 0:57,pt,FALSE
dnjokerdotcom,dnjoker.com,157,Pacific Time (US & Canada),7/3/2017 22:50,sk,FALSE
gertech2009,Venicio Pontes,217,Brasilia,3/31/2010 18:25,pt,FALSE
skyywalkherr,skyywalkherr (13-2),163,Eastern Time (US & Canada),4/18/2016 14:14,en,FALSE
bsmhooper,"Different Animal, Same Beast 11-5",362,Eastern Time (US & Canada),5/29/2009 3:40,en,FALSE
dafloh,Grumpy McGrumpface,339,Bern,9/19/2009 22:19,de,FALSE
kryptokloud,KryptoKloud,128,,10/20/2016 15:55,en,FALSE
dc_krypto,KryptoDC,27,,12/24/2017 12:50,en,FALSE
crypto94,Crypto9,127,,10/18/2017 19:45,pt,FALSE
donmarktito,El Patron,231,,12/16/2009 16:53,en,FALSE
jensmithwsj,Jennifer Smith,2001,Eastern Time (US & Canada),9/7/2009 21:41,en,FALSE
manucoreconnect,manucore,1835,London,12/2/2014 11:38,en-gb,FALSE
alexanakonda,Natalia Korda,668,Pacific Time (US & Canada),10/9/2017 15:11,en,FALSE
chetandofficial,Chetan Deshmukh,138,,11/30/2016 7:23,en,FALSE
victors10000qip,??????? ??????,926,,3/22/2014 20:07,ru,FALSE
doc_coin,Doc Coin,0,,11/30/2017 3:35,ru,FALSE
jhot9y9ybcrun9p,????? ???????,120,,11/27/2017 10:53,ru,FALSE
aurora_dao,Aurora (IDEX),7,,7/14/2017 19:41,en,FALSE
en_playmarket2,PlayMarket 2.0,0,Pacific Time (US & Canada),7/20/2017 4:42,ru,FALSE
anjakruitwagen,Cyrus Pollman,317,London,8/20/2014 23:44,ru,FALSE
cryptocoint,Cryptocoin Table,1297,,12/18/2017 16:20,ru,FALSE
bitc0inmagazine,Bitcoin Magazine,360,Pacific Time (US & Canada),12/30/2017 10:04,en-gb,FALSE
aminecaprimen,Amine,612,UTC,1/30/2012 17:34,fr,FALSE
coinlerinkrali,Coinlerin Efendisi,40,,12/21/2017 8:13,tr,FALSE
enyscryptobot,rene rosales jr,19,Pacific Time (US & Canada),1/22/2015 1:31,en,FALSE
steelbeenc4,rukevwe joseph,49,,12/27/2017 21:47,en-gb,FALSE
ecosstoken,eCoSS,0,Istanbul,8/4/2014 19:03,tr,FALSE
venessachambe15,Venessa Chambers,51,,1/3/2018 5:27,en,FALSE
shadowofthesun8,Christine ??,27,Pacific Time (US & Canada),4/15/2017 21:18,en,FALSE
kumar3c,Anand Kumar,28,,9/29/2014 6:43,en,FALSE
btc_infochain,Bitcoin Infochain,992,Pacific Time (US & Canada),11/21/2016 16:56,en,FALSE
stefanpb_,??,160,Casablanca,2/8/2013 17:11,en,FALSE
blocklancer,Blocklancer,9,,6/16/2017 14:14,de,FALSE
trukovaolesya,Olesya Trukova,5002,Pacific Time (US & Canada),12/19/2017 20:42,ru,FALSE
syncfab,syncfab,3707,Pacific Time (US & Canada),8/30/2013 5:49,en,FALSE
ywz_,selim celik,3133,Pacific Time (US & Canada),10/19/2012 23:38,tr,FALSE
thomaswerner187,Thomas Werner,54,,6/30/2014 18:09,de,FALSE
hastingscoltd,J. W. Hastings,20,,1/12/2018 15:12,en,FALSE
efasnzqud,???? ???????,2577,Pacific Time (US & Canada),8/11/2014 15:14,ru,FALSE
fintab_io,FinTab,10,,8/1/2017 16:29,ru,FALSE
ethereum_lyam,Ethereum,328,Pacific Time (US & Canada),1/6/2018 10:30,en-gb,FALSE
grdo411,Guard Dog Inc,0,,1/5/2018 10:49,en,FALSE
userbacana,J.,1131,Pacific Time (US & Canada),8/16/2016 21:34,pt,FALSE
therealactivei1,Active Investor,334,Pacific Time (US & Canada),2/5/2016 5:34,en,FALSE
lucasarroyo,Lucas Manuel Arroyo,371,Buenos Aires,1/6/2010 14:07,es,FALSE
dgwbirch,David G.W. Birch,949,Pacific Time (US & Canada),4/27/2008 14:07,en,FALSE
christinemcna,Christine M. Chan,2231,Singapore,2/6/2016 3:41,en,FALSE
nakishagonzal17,Nakisha Gonzalez,111,,1/6/2018 21:49,en,FALSE
0ptic_,0ptic,416,Pacific Time (US & Canada),8/16/2015 9:32,en,FALSE
dont_snarf_now,Pdog,28,Pacific Time (US & Canada),12/19/2017 20:20,en-gb,FALSE
shawnlaberge,Cranky old man,192,Alaska,1/19/2012 10:45,en,FALSE
ltc,Litecoin [LTC],6,Pacific Time (US & Canada),11/10/2017 8:24,en,FALSE
fanninghysteric,Victor Parr,863,Pacific Time (US & Canada),9/12/2017 6:52,ru,FALSE
eth_ethereum,ETH,2802,,9/18/2017 23:53,ja,FALSE
ledluxsite,Vladimyr Ivanov,1656,,8/14/2017 12:42,ru,FALSE
yourlegitgaming,Legit Crypto,319,,4/20/2012 1:26,en,FALSE
dawidq1,Dawid Ka?wi?ski,4854,Ljubljana,6/4/2013 20:44,en,FALSE
litecoins4sale,Litecoins For Sale,1,Amsterdam,11/29/2013 16:51,en,FALSE
e_dinarcoin,E-Dinar Coin,21,Pacific Time (US & Canada),8/13/2016 13:44,ru,FALSE
bel_vikont,?????? ??????,2517,Athens,3/4/2013 10:40,ru,FALSE
pythondevelop,Python Develop,1517,Pacific Time (US & Canada),5/20/2016 9:49,en,FALSE
suchegeld,Hallo ich suche baum,0,,1/14/2018 12:26,de,FALSE
deadlaced,DeadLaced,1060,Eastern Time (US & Canada),2/6/2013 19:34,en,FALSE
miguel_m_619,Miguel,432,,9/23/2011 2:48,en,FALSE
jkatcher74,Jason Katcher,1491,Eastern Time (US & Canada),2/5/2009 13:55,en,FALSE
cryptofluence,Cryptofluence,958,Pacific Time (US & Canada),3/17/2017 1:46,fr,FALSE
ethorseteam,Ethorse,173,,10/24/2017 3:33,en,FALSE
panjicn,Panji Laras,1359,,10/31/2017 0:34,id,FALSE
theliteschool,The Litecoin School of Crypto [LTC],136,Pacific Time (US & Canada),9/19/2017 3:20,en,FALSE
a70758057,BTC LTC FUSION,47,,10/21/2017 10:02,it,FALSE
litecoin__news,Litecoin [LTC] News,92,Pacific Time (US & Canada),6/29/2013 7:31,en,FALSE
dadababajide2,Dada Babajide,52,,12/30/2017 23:49,en,FALSE
lrp24xxhwzf4ev,???? ????????,0,,1/29/2017 14:26,en,FALSE
wantcamaro,Max,1488,,12/26/2017 20:34,ru,FALSE
eladlev88,Elad lev,115,,1/3/2018 17:06,he,FALSE
yemisayid,Adekanmi Sayid yemi,1309,,5/17/2015 9:09,en,FALSE
livedu_tv,LiveEdu.tv,2,,1/11/2018 20:05,en,FALSE
coinsidekick,Coin Sidekick,55,Pacific Time (US & Canada),2/26/2010 18:28,en,FALSE
rarebitm,RarebitMiner [ETC],92,,11/15/2017 22:49,en,FALSE
lewiredshut,WiredShut,133,Eastern Time (US & Canada),2/20/2010 5:49,en,FALSE
rega20847530,REGA,18,,8/28/2017 9:36,ru,FALSE
niningsetiawa17,Nining Setiawati,2398,,7/28/2017 10:27,id,FALSE
loggerunlined,Christopher Taylor,820,Pacific Time (US & Canada),9/11/2017 11:41,ru,FALSE
qiewgenerasi4g,qiew4G,1657,Jakarta,3/17/2014 12:25,en,FALSE
yusadsolution,Yusad Digital Media,11,,8/3/2017 13:21,en,FALSE
lympo_io,Lympo.io,1,Pacific Time (US & Canada),11/24/2017 10:07,en,FALSE
cointradz,CoinTradz,147,,11/26/2017 3:51,en,FALSE
lucasrasmussenp,Lucas Prats ?,33,,4/27/2014 20:37,en,FALSE
bittrexnews,Crypto News,120,,6/21/2017 18:13,fr,FALSE
antonraelevich,Anton Raelevich,48,,11/10/2017 10:44,ru,FALSE
descrow3,Descrow,58,,6/23/2017 19:47,en,FALSE
bellotimur,Timur Bello,3370,Minsk,10/20/2017 23:00,ru,FALSE
pumapay,PumaPay,0,Pacific Time (US & Canada),11/3/2017 15:04,en,FALSE
cmilohernandez,Camilo Hernandez (Guactoshi Avokodo),114,Pacific Time (US & Canada),4/17/2009 11:59,en,FALSE
joelkatz,David Schwartz,292,America/Los_Angeles,4/27/2009 14:11,en,FALSE
nekspsy,MakeMoney ICO Bounty,1726,Kyiv,8/15/2010 2:03,ru,FALSE
trade_da,Trade.da.risk,53,,12/19/2017 1:38,de,FALSE
teneke79,Teneke79,1767,Mountain Time (US & Canada),1/8/2014 0:29,es,FALSE
csgoismylife22,CSGO TILL I DIE BOII,4985,Pacific Time (US & Canada),12/16/2017 5:13,en,FALSE
crypto_mongol,Crypto Mongolia,164,,1/4/2018 2:59,en,FALSE
vernon_slater,Vernon Slater,53,,1/1/2014 8:17,en,FALSE
cryptohoarders,CryptoHoarder,3,,12/23/2017 6:47,en,FALSE
renestoltzmann,Rene Stoltzmann,36,,2/19/2016 9:21,de,FALSE
sfimatej,Money_on my mind,1919,Athens,6/27/2011 9:40,en,FALSE
goldpricelive,Live Gold Price,1989,London,9/1/2013 22:19,en,FALSE
mcbeniwal,Mahesh Chand,288,Atlantic Time (Canada),11/10/2010 15:39,en,FALSE
csharpcorner,C# Corner,16570,Central Time (US & Canada),1/21/2011 6:52,en,FALSE
niteshluharuka,Nitesh Luharuka,635,Asia/Calcutta,8/22/2009 4:58,en,FALSE
bittoexchange,Bitto,36,,12/13/2017 10:10,en,FALSE
sn0wfang90,AllA,3978,Kyiv,5/15/2014 16:21,ru,FALSE
acctavision,Damyan,185,Pacific Time (US & Canada),11/15/2017 9:14,en,FALSE
art_news,Art & News & Crypto,2665,Quito,3/7/2010 3:59,en,FALSE
mendyruecking,Mendel,25,,8/23/2017 14:04,en,FALSE
cryptocoincraze,Pat O’Brien,37,,12/16/2017 18:03,en,FALSE
brobess3,Brobess,11,,3/15/2016 17:26,ru,FALSE
cryptoclam,CryptoClam™ ??,136,,12/22/2017 13:04,en,FALSE
cryptocrater,CryptoCrater,35,,1/7/2018 18:04,en,FALSE
criptoalex,CriptoAlex,180,,1/6/2018 20:46,es,FALSE
bayern1886,b.a.y.e.r.n,34,,6/27/2015 18:38,de,FALSE
truththeorycom,Truththeory.com,880,Pacific Time (US & Canada),12/18/2011 11:22,en,FALSE
cryptorcoins,CryptoRCoin News & Signals,43,Pacific Time (US & Canada),1/6/2018 1:10,it,FALSE
alienwaresp,aliewareskinpack,63,Belgrade,7/27/2012 21:11,en,FALSE
ccryptoventures,CryptoVentures,48,,1/5/2018 17:27,en,FALSE
hipslad,Jack Wright,779,Pacific Time (US & Canada),9/12/2017 6:31,ru,FALSE
litecoinmarket1,Litecoin Market,254,,11/24/2013 21:37,en-gb,FALSE
mrcybernet,Abdullahi Hassan,427,,6/14/2017 21:45,en,FALSE
olujimimetilelu,Rodger metty,2010,Pacific Time (US & Canada),4/3/2013 11:23,en,FALSE
ubiqannbot,Ubiq ANN Bot,587,Hawaii,5/17/2015 6:40,en,FALSE
ansellindner,BTFD,675,,6/1/2013 15:50,en,FALSE
kdoresky,BTC HODL Long 2020,688,,8/10/2014 12:17,en,FALSE
overduetired,Tim Robertson,779,Pacific Time (US & Canada),9/15/2017 6:37,ru,FALSE
betriumbets,Betrium Bets ICO,12,,9/23/2017 23:41,ru,FALSE
womantothemoon,W Ø M ? N .,96,,1/5/2018 12:10,en,FALSE
crackingtongue,Phil Langdon,840,Pacific Time (US & Canada),9/11/2017 9:53,ru,FALSE
krypto_naut,Kryptonaut,136,Eastern Time (US & Canada),12/20/2017 18:01,en,FALSE
markshust,Mark ??,1859,Eastern Time (US & Canada),6/9/2008 13:29,en,FALSE
theabyss,The Abyss,1,Pacific Time (US & Canada),10/20/2011 13:40,en,FALSE
sumonrud1,Bitcoin Collector,5631,,7/25/2017 12:17,en,FALSE
whizzcoin,Whizz Coin,13,Pacific Time (US & Canada),8/25/2017 9:11,en,FALSE
cindygallop,Cindy Gallop,1182,Eastern Time (US & Canada),9/3/2007 11:51,en,TRUE
ucberkeley,UC Berkeley,1126,Pacific Time (US & Canada),8/10/2010 20:40,en,TRUE
rickjwaghorn,RickWaghorn,2744,,6/11/2011 11:09,en,FALSE
celiaszadeh,chante eliaszadeh,44,,8/31/2012 1:18,en,FALSE
smartsan9,smartsan,4927,,6/17/2017 8:18,en,FALSE
copytrackhq,Copytrack HQ,461,Berlin,11/28/2017 10:45,en,FALSE
joeneiluk,JoeNeil,118,,6/2/2016 10:52,en-GB,FALSE
altcoinrambo,Sk8 Forex,1038,,6/11/2014 0:53,en,FALSE
jmauli,John Mauli,440,Nuku'alofa,4/7/2009 20:11,en,FALSE
kimmojaskari,Kimmo Jaskari,96,Helsinki,12/17/2010 23:23,en,FALSE
idreexe,Iliyasu Idris,974,,11/16/2017 8:51,en,FALSE
opporty_ico,Opporty ICO,376,Eastern Time (US & Canada),8/14/2017 14:43,en,FALSE
iieyidfvs,Nurhardiyanti Akmal,212,Jakarta,2/13/2010 13:44,id,FALSE
richibitok,Richi  Bitok  ?? ?? ?? ?? ?? ??,2059,Pacific Time (US & Canada),12/11/2011 20:09,ru,FALSE
skrcoin,????????????????????,1081,Pacific Time (US & Canada),7/14/2017 16:11,es,FALSE
agamxxx,Agam Sunandar,386,,4/17/2013 16:11,en,FALSE
jmmalvar18,elle,1027,,5/28/2016 13:59,en,FALSE
symmetryfund,Symmetry Fund,3908,Dhaka,11/16/2017 16:48,en,FALSE
nerdwallet,NerdWallet,2020,Eastern Time (US & Canada),4/14/2009 16:23,en,TRUE
rharisfahreza,RHarisfahreza,1805,,10/26/2017 10:54,id,FALSE
cnbc,CNBC,379,Eastern Time (US & Canada),2/9/2009 0:03,en,TRUE
consumerreports,Consumer Reports,710,Eastern Time (US & Canada),9/8/2008 22:44,en,TRUE
lady_zunod9,EPeak Steemit,5970,Pacific Time (US & Canada),2/11/2014 5:54,en,FALSE
konusurmusun,MTN,4073,,9/28/2009 11:09,en,FALSE
ethereum_fan_,Ethereum Fan,840,Pacific Time (US & Canada),2/25/2017 14:14,en,FALSE
traderxrp,XRP-Trader,140,Pacific Time (US & Canada),6/5/2017 11:42,en,FALSE
hugoiia,CryptoWisdom,208,,12/20/2017 8:58,nl,FALSE
thebitcoinnews,The Bitcoin News,14939,London,4/11/2013 2:30,en,FALSE
luk_man25,M Lukman Saifudin,3182,,7/25/2016 18:44,id,FALSE
bazista_io,Bazista,25,Moscow,9/13/2017 10:48,en,FALSE
eyeswide5hut,Eyes Wide Shut,137,,9/21/2017 23:18,en,FALSE
nuggettrader,NuggetTrader,45,,1/3/2018 1:02,en,FALSE
goosenoble,El Mago,524,,9/12/2010 7:56,en,FALSE
blockscan,Counterparty,400,Central America,3/25/2014 10:39,en,FALSE
bolsia,Bolsia.com,11312,Madrid,10/29/2011 0:56,es,FALSE
danny_bogado,Danny ?,889,Buenos Aires,5/11/2011 19:35,es,FALSE
nodepower_eu,Node,131,Pacific Time (US & Canada),9/24/2017 12:16,ru,FALSE
asx,ASX,248,Australia/Sydney,4/1/2009 0:11,en,TRUE
hprilnawata15,Whitz,1815,,6/19/2012 1:50,en,FALSE
leahrampling4,Leah Vang,0,Pacific Time (US & Canada),8/9/2017 9:53,en,FALSE
efrenneypes,Efren Neypes,420,,7/21/2012 11:47,en,FALSE
bitmartexchange,BitMart.Exchange,102,,12/3/2017 3:46,en,FALSE
ravikr00321,Ravi,82,,12/10/2017 15:47,en,FALSE
genie_ico,Genie ICO,90,,9/27/2017 8:21,en,FALSE
alisa_rann,Alisa rann,3329,,8/17/2017 20:37,ru,FALSE
ethereumworlds,Ethereum Worlds,304,Pacific Time (US & Canada),1/6/2018 10:35,en-gb,FALSE
bitcoinforums,Bitcoin Forum,4,,11/19/2013 21:32,en,FALSE
llrugb,CRYPTOSHELDON #savedroidICO,1652,London,2/12/2017 15:45,en,FALSE
lgytskpo,lgytskpo,0,,9/23/2017 7:51,en-gb,FALSE
kikis_agustina,Kikis agustina,4451,,7/9/2017 11:29,id,FALSE
cryptoannich,???? ????,916,Pacific Time (US & Canada),8/13/2014 0:19,ru,FALSE
belugapay,BelugaPay,0,Pacific Time (US & Canada),9/19/2017 4:08,es,FALSE
phonedrift,Stewart Thomson,858,Pacific Time (US & Canada),9/12/2017 13:14,ru,FALSE
voxxomusic,VOXXO,1,Pacific Time (US & Canada),11/8/2017 14:35,tr,FALSE
cryptonax,CryptoMax,193,Central America,9/13/2014 15:55,en,FALSE
abelontrade,abelon,19,,10/6/2017 12:28,ru,FALSE
enjin,Enjin,816,Pacific Time (US & Canada),2/8/2009 9:09,en,FALSE
im_unclescrooge,Uncle $crooge [LTC/XRP],322,,2/20/2017 18:16,en,FALSE
bonerushiiko,Edison Ragusa,314,Tijuana,7/27/2011 3:03,en,FALSE
brigettetanaka4,Brigette Tanaka,116,,1/14/2018 12:49,en,FALSE
compositeico,Compositecoin ICO,0,Pacific Time (US & Canada),12/9/2017 16:21,ru,FALSE
samuelgranton,SamuelGranton,473,Pacific Time (US & Canada),10/20/2017 21:00,en,FALSE
bitcoincashnews,Bitcoin Cash News,526,Pacific Time (US & Canada),12/20/2017 11:29,en,FALSE
marlys_benito,Marlys Benito,33,,1/14/2018 12:43,en,FALSE
alexmn707,Alex,7038,,4/9/2012 10:38,ru,FALSE
altair_vr,Altair VR,166,,10/27/2017 9:11,ru,FALSE
rosaspandan1,rosaspandan,198,,10/14/2017 17:16,en,FALSE
kobidup1,Kobidup,75,,1/14/2018 12:39,en,FALSE
iamsaramaner,Nikolai Adamovich,536,London,5/8/2016 18:57,ru,FALSE
hypergogo2,hypergogo,46,,12/4/2012 14:16,en,FALSE
wirelineio,WIRELINE,2359,Pacific Time (US & Canada),7/25/2017 14:57,en,FALSE
tirta16_,Tirta,2048,,6/18/2017 7:38,en,FALSE
priceshallcom,Prices hall,31,,11/12/2017 18:30,ar,FALSE
aliumer108,umerali,302,,2/23/2013 6:22,en,FALSE
denissangreal,Denis liternyjj,1541,Pacific Time (US & Canada),8/13/2014 23:09,ru,FALSE
obizcoin,Obizcoin,43,,10/15/2017 21:13,en,FALSE
v1sania,Alex,6028,Pacific Time (US & Canada),10/13/2012 16:14,ru,FALSE
constantijn89,Constantijn Driessen,75,,1/14/2018 8:02,nl,FALSE
lekingson2,Aminu uthman,599,,4/23/2011 5:39,en,FALSE
vitreouscanis,Victor McGrath,888,Pacific Time (US & Canada),9/12/2017 6:35,ru,FALSE
helium_token,Helium Token,0,Pacific Time (US & Canada),12/16/2017 11:15,tr,FALSE
paypay91_,Paypay,154,Jakarta,4/14/2014 12:40,id,FALSE
suicidalbanker,SVICIDALBANKER,113,Europe/Berlin,5/13/2017 2:23,en,FALSE
martyweil,Marty Weil,66,Eastern Time (US & Canada),1/23/2008 15:26,en,FALSE
vitalikbuterin,Vitalik Buterin,160,,5/8/2011 16:03,en,TRUE
ethereumproject,Ethereum,0,Central Time (US & Canada),1/26/2014 19:15,en,TRUE
signalsme,Signals.me,10845,,12/1/2015 11:37,en,FALSE
kryptonewsde,Krypto News DE,32,Bern,10/9/2017 19:30,de,FALSE
tovar_pohtoy,????????? ??????,2522,Pacific Time (US & Canada),6/27/2013 18:22,ru,FALSE
themaastrix,Marco Maas,2687,Berlin,10/18/2008 9:09,en,TRUE
pepedank69,Jack smith,129,,6/24/2017 1:53,en,FALSE
mort1965,mort,58,,1/8/2013 15:46,en,FALSE
bitcoinid69,Bitcoin ID,2266,Pacific Time (US & Canada),10/5/2017 14:59,id,FALSE
hsmith22mvp,Harrison Smith 22 MVP,4998,Pacific Time (US & Canada),12/16/2017 5:15,en,FALSE
chadhaashish,AC,767,Hawaii,9/21/2011 17:07,en,FALSE
p4allnl,Prosperity4all.nl,28,,12/22/2017 18:18,nl,FALSE
medicijnvrouw,Brigitta van Kanten,5,,1/24/2010 10:58,en,FALSE
carlaestrada42,Carla Estrada,4821,,8/20/2017 11:45,en,FALSE
lykke,Lykke,17,Bern,1/25/2016 23:14,en,FALSE
rsksmart,RSK,240,Buenos Aires,10/7/2015 17:37,es,TRUE
icohotlist,ICO Hot List,475,Pacific Time (US & Canada),8/7/2017 6:04,en,FALSE
rwandhofer,Ruth Wandhofer,63,,3/9/2015 13:05,en,FALSE
citi,Citi,301,Quito,10/2/2009 23:45,en,TRUE
coinfirm,Cöinfirm ? ??,55,Arizona,11/27/2010 4:56,en,FALSE
btcnigeria,BTC Nigeria,431,Pacific Time (US & Canada),5/16/2015 22:37,en,FALSE
pekitsugakushig,Olubanjo Baynes,0,Indiana (East),3/27/2010 22:05,en,FALSE
cryptol0gy,Cryptol0gy,788,Pacific Time (US & Canada),8/18/2017 5:08,en,FALSE
mindandtrading,Mind Trader,50,Kolkata,8/10/2016 16:30,en,FALSE
cryptotass,TassCrypto,3375,,11/21/2017 14:49,it,FALSE
bitinvestor2,Ico's & Crypto News,4718,,12/22/2017 23:55,en,FALSE
radiomorgenland,Radio Morgenland,36,Berlin,5/16/2016 23:27,en,FALSE
somerroberto241,Somer Roberto,76,,1/3/2018 20:41,en,FALSE
stktoken,STK token,2274,Pacific Time (US & Canada),9/1/2017 13:55,en,FALSE
vozuloz,Thomas Bell,956,Pacific Time (US & Canada),8/13/2014 0:27,ru,FALSE
coin_of_the_day,Coin of the day,482,,12/27/2017 9:58,de,FALSE
dtbme1209,DT,667,Quito,2/8/2011 13:54,en,FALSE
mikolsoon,Mr.Nikolas,3258,Minsk,9/22/2017 15:22,ru,FALSE
robinrobson,Robin Robson,1943,London,7/31/2008 20:15,en,FALSE
ebay,eBay,1272,Pacific Time (US & Canada),1/29/2009 12:49,en,TRUE
cryptoyuggy,YUGGY YUGGY,220,,11/26/2017 10:39,en,FALSE
nodosenlared,Mario Lopez de Avila,3597,Madrid,5/21/2009 7:07,es,FALSE
manuelzafra,MZ,175,Europe/Madrid,12/18/2009 12:16,es,FALSE
doroterumaise,Margaret Pie,0,Mexico City,3/30/2010 9:51,en,FALSE
bitgion,bitgion,643,Pacific Time (US & Canada),1/9/2018 10:13,tr,FALSE
loveusever,Marc Davis,484,Pacific Time (US & Canada),2/18/2010 8:18,en,FALSE
hugohanoi,Hugo Nguyen [LTC],484,Pacific Time (US & Canada),4/21/2012 7:09,en,FALSE
ianhunter,Ian Hunter,234,Pacific Time (US & Canada),6/27/2007 18:59,en,FALSE
cryptoshovel,Crypto Shovel,30,Pacific Time (US & Canada),11/15/2017 16:46,ru,FALSE
antontrushnikov,Anton Trushnikov,3,,1/11/2018 3:19,ru,FALSE
coinmaker321,\-Crypto*Moto*Fan-/,442,,2/2/2014 1:43,en,FALSE
valerinatanelov,Valéri Natanelov,26,Brussels,7/1/2010 11:53,en,FALSE
dimon_btc,Dimonbtc,3901,,10/14/2017 5:52,ru,FALSE
mazen2051991,Mohammed mazen,213,,10/5/2017 17:42,ar,FALSE
xx777ff,?? Aseil??,11708,,10/8/2017 14:17,ar,FALSE
rdossie,Frank McDonald,982,Pacific Time (US & Canada),8/13/2014 23:02,ru,FALSE
serthantopal,serthan topal,4997,,4/28/2015 18:51,tr,FALSE
william71811122,William Price,32,,1/1/2018 8:02,en,FALSE
loyaltywife,Tokenloyaltywife,314,,10/26/2017 11:54,pl,FALSE
erl_wick,Erl,1610,,7/4/2017 4:35,en,FALSE
daneelproject,Daneel,104,Pacific Time (US & Canada),7/23/2017 11:43,en,FALSE
bitkolpher,Sachin,473,Sri Jayawardenepura,11/26/2017 7:49,en,FALSE
winkdexer,Winkdex Tweets,6,Central Time (US & Canada),7/24/2014 21:36,en,FALSE
bromberg_phuong,Phuong Bromberg,65,,1/14/2018 13:07,en,FALSE
streamspaceinfo,StreamSpace,258,,7/19/2017 20:32,en,FALSE
theethereumbot,The Ethereum Bot,1,Pacific Time (US & Canada),11/15/2017 18:53,en,FALSE
ubexuru,?????? ???????????,944,Pacific Time (US & Canada),8/11/2014 2:46,ru,FALSE
yeamin_rasel,Yeamin Rasel,5668,,6/10/2013 12:28,en,FALSE
bitcoin321,Bitcoin Lover,443,,7/26/2017 11:32,en,FALSE
bot_litecoin,litebot,1,,12/28/2017 20:15,en,FALSE
m1ss_dany_ret92,AmRank Real Estate,3729,Kyiv,1/30/2013 11:19,en,FALSE
tolynzilzil,?????? ???????,461,,4/15/2017 15:40,ru,FALSE
sofinplatform,SOFIN,4,Pacific Time (US & Canada),10/2/2017 14:54,ru,FALSE
cryptozer_god,CryptoZer,136,Pacific Time (US & Canada),7/9/2017 15:18,en,FALSE
agunbiadetemi11,Top-man,1655,,12/2/2017 7:25,en,FALSE
virtualmoneybot,Cryptocurrency_Bot,0,Seoul,8/26/2017 14:00,ko,FALSE
real_organik,organik,318,,11/19/2017 10:35,en-gb,FALSE
bitallcoins,Victor,4841,,2/25/2016 2:30,en,FALSE
jzqljjzlcdmxsb1,?????? ????,94,,1/9/2018 11:16,en,FALSE
marcelcabral73,Marcel cabral,649,,10/19/2017 21:49,en,FALSE
floorithammer,HammerDown,450,Eastern Time (US & Canada),6/22/2009 15:42,en,FALSE
claudinemuraws6,Claudine Murawski,75,,1/14/2018 13:01,en,FALSE
ellamaeparks152,Ellamae Parks,40,,1/14/2018 12:57,en,FALSE
mikerocks25,Michael Rooks,2759,Eastern Time (US & Canada),4/6/2009 16:57,en,FALSE
nordicann,Nordic Ann,46,,1/1/2018 15:53,no,FALSE
riatate1761,Ria Tate,84,,1/14/2018 13:12,en,FALSE
fanoffans123,FanOfFans,3395,,1/4/2018 16:07,en,FALSE
romilidmitriy,Dimasta Btc,4593,Pacific Time (US & Canada),2/3/2012 18:11,ru,FALSE
kristleidilli12,Kristle Idilliler,45,,1/14/2018 12:56,en,FALSE
yolishemp,yolanda,2947,London,8/30/2008 21:21,en,FALSE
anabel93783973,Anabel,4361,,9/13/2017 8:59,ru,FALSE
simplyvitalhq,SimplyVital Health,2956,Pacific Time (US & Canada),7/10/2016 18:32,en,FALSE
kvintindorward,Kventin DorWarD,4016,,7/12/2017 8:55,ru,FALSE
cryptominages,Cryptominages,1053,,1/1/2018 22:23,fr,FALSE
paranajohn,Jan,813,,10/16/2017 5:13,en,FALSE
carlosmperezq,Carlos Mario Perez,79,Bogota,9/1/2010 3:43,es,FALSE
gsimkv,gsimkv,1251,,11/7/2017 9:30,en,FALSE
blockgks,Blockgeeks,854,,8/3/2016 17:35,en,FALSE
mdefalco70,Michael DeFalco,5002,,10/10/2017 16:16,en,FALSE
roomec3,Chris Roome,294,,1/21/2010 15:09,en,FALSE
prash4u007,Prashant kumar,169,,7/8/2010 12:12,en,FALSE
tanelkuusik,Tanel,381,Pacific Time (US & Canada),8/27/2017 14:28,en,FALSE
cointelligencec,Cointelligence,123,Pacific Time (US & Canada),8/22/2017 20:32,en,FALSE
marskr_chen,marskr,281,,4/11/2016 2:18,zh-CN,FALSE
fulbring,Fulbring,574,Eastern Time (US & Canada),10/31/2010 2:45,en,FALSE
earb10,PirateX,629,Hong Kong,11/2/2012 10:13,en,FALSE
drlee1993,Katy Perry,221,,2/14/2017 6:49,ko,FALSE
sennaredisni,Mohammed Toothman,290,London,10/1/2014 4:37,ru,FALSE
syskool,Syskool,2,New Delhi,11/6/2011 17:21,en,FALSE
campusutra,Campus?tra.com,233,Chennai,1/25/2012 9:03,en,FALSE
aadebiyi3,Adebiyi Adekunle,99,,12/27/2017 22:46,en,FALSE
